"","date","block","number","species","count","colour","timediff"
"1",2019-05-09,"F",1,"balanus",44,"warm",3.81547619047619
"2",2019-05-09,"F",2,"balanus",76,"warm",3.81547619047619
"3",2019-05-09,"B",9,"balanus",60,"ambient",3.81547619047619
"4",2019-05-09,"F",3,"balanus",129,"ambient",3.81547619047619
"5",2019-05-09,"F",4,"balanus",86,"ambient",3.81547619047619
"6",2019-05-09,"F",5,"balanus",38,"warm",3.81547619047619
"7",2019-05-09,"C",8,"balanus",68,"warm",3.81547619047619
"8",2019-05-09,"F",6,"balanus",103,"warm",3.81547619047619
"9",2019-05-09,"C",7,"balanus",38,"warm",3.81547619047619
"10",2019-05-09,"F",7,"balanus",34,"ambient",3.81547619047619
"11",2019-05-09,"F",8,"balanus",52,"warm",3.81547619047619
"12",2019-05-09,"F",9,"balanus",50,"ambient",3.81547619047619
"13",2019-05-09,"F",10,"balanus",67,"warm",3.81547619047619
"14",2019-05-09,"F",11,"balanus",35,"ambient",3.81547619047619
"15",2019-05-09,"F",12,"balanus",39,"ambient",3.81547619047619
"16",2019-05-09,"F",13,"balanus",78,"warm",3.81547619047619
"17",2019-05-09,"F",14,"balanus",107,"ambient",3.81547619047619
"18",2019-05-09,"C",1,"balanus",73,"warm",3.81547619047619
"19",2019-05-09,"B",2,"balanus",173,"warm",3.81547619047619
"20",2019-05-09,"A",1,"balanus",34,"warm",3.81547619047619
"21",2019-05-09,"A",2,"balanus",55,"warm",3.81547619047619
"22",2019-05-09,"A",3,"balanus",58,"ambient",3.81547619047619
"23",2019-05-09,"A",4,"balanus",67,"warm",3.81547619047619
"24",2019-05-09,"A",5,"balanus",66,"warm",3.81547619047619
"25",2019-05-09,"A",6,"balanus",28,"warm",3.81547619047619
"26",2019-05-09,"A",7,"balanus",34,"ambient",3.81547619047619
"27",2019-05-09,"A",8,"balanus",19,"ambient",3.81547619047619
"28",2019-05-09,"A",9,"balanus",53,"ambient",3.81547619047619
"29",2019-05-09,"A",10,"balanus",63,"warm",3.81547619047619
"30",2019-05-09,"A",11,"balanus",55,"ambient",3.81547619047619
"31",2019-05-09,"A",12,"balanus",45,"ambient",3.81547619047619
"32",2019-05-09,"B",16,"balanus",88,"warm",3.81547619047619
"33",2019-05-09,"B",14,"balanus",71,"warm",3.81547619047619
"34",2019-05-09,"A",13,"balanus",18,"ambient",3.81547619047619
"35",2019-05-09,"A",14,"balanus",43,"warm",3.81547619047619
"36",2019-05-09,"A",15,"balanus",36,"warm",3.81547619047619
"37",2019-05-09,"A",16,"balanus",28,"ambient",3.81547619047619
"38",2019-05-09,"B",7,"balanus",206,"warm",3.81547619047619
"39",2019-05-09,"B",8,"balanus",231,"warm",3.81547619047619
"40",2019-05-09,"B",11,"balanus",355,"ambient",3.81547619047619
"41",2019-05-09,"C",2,"balanus",348,"ambient",3.81547619047619
"42",2019-05-09,"B",10,"balanus",354,"warm",3.81547619047619
"43",2019-05-09,"C",2,"balanus",308,"ambient",3.81547619047619
"44",2019-05-09,"C",4,"balanus",504,"warm",3.81547619047619
"45",2019-05-09,"C",5,"balanus",586,"ambient",3.81547619047619
"46",2019-05-09,"C",2,"balanus",297,"ambient",3.81547619047619
"47",2019-05-09,"B",14,"balanus",230,"warm",3.81547619047619
"48",2019-05-09,"B",16,"balanus",365,"warm",3.81547619047619
"49",2019-05-09,"C",1,"balanus",295,"warm",3.81547619047619
"50",2019-05-09,"C",3,"balanus",277,"ambient",3.81547619047619
"51",2019-05-09,"B",2,"balanus",259,"warm",3.81547619047619
"52",2019-05-09,"B",9,"balanus",298,"ambient",3.81547619047619
"53",2019-05-09,"B",10,"balanus",182,"warm",3.81547619047619
"54",2019-05-09,"B",5,"balanus",353,"ambient",3.81547619047619
"55",2019-05-09,"B",1,"balanus",215,"warm",3.81547619047619
"56",2019-05-09,"B",13,"balanus",333,"ambient",3.81547619047619
"57",2019-05-09,"B",12,"balanus",371,"warm",3.81547619047619
"58",2019-05-09,"F",1,"balanus",105,"warm",3.81547619047619
"59",2019-05-09,"F",2,"balanus",266,"warm",3.81547619047619
"60",2019-05-09,"F",3,"balanus",168,"ambient",3.81547619047619
"61",2019-05-09,"F",4,"balanus",188,"ambient",3.81547619047619
"62",2019-05-09,"F",5,"balanus",360,"warm",3.81547619047619
"63",2019-05-09,"C",8,"balanus",328,"warm",3.81547619047619
"64",2019-05-09,"F",6,"balanus",260,"warm",3.81547619047619
"65",2019-05-09,"C",7,"balanus",237,"warm",3.81547619047619
"66",2019-05-09,"F",7,"balanus",129,"ambient",3.81547619047619
"67",2019-05-09,"F",8,"balanus",202,"warm",3.81547619047619
"68",2019-05-09,"F",9,"balanus",348,"ambient",3.81547619047619
"69",2019-05-09,"F",10,"balanus",106,"warm",3.81547619047619
"70",2019-05-09,"F",11,"balanus",82,"ambient",3.81547619047619
"71",2019-05-09,"F",12,"balanus",97,"ambient",3.81547619047619
"72",2019-05-09,"F",13,"balanus",124,"warm",3.81547619047619
"73",2019-05-09,"F",14,"balanus",37,"ambient",3.81547619047619
"74",2019-05-09,"F",15,"balanus",43,"ambient",3.81547619047619
"75",2019-05-09,"F",16,"balanus",138,"warm",3.81547619047619
"76",2019-05-09,"C",13,"balanus",214,"ambient",3.81547619047619
"77",2019-05-09,"B",7,"balanus",416,"warm",3.81547619047619
"78",2019-05-09,"B",8,"balanus",296,"warm",3.81547619047619
"79",2019-05-09,"B",11,"balanus",390,"ambient",3.81547619047619
"80",2019-05-09,"C",5,"balanus",358,"ambient",3.81547619047619
"81",2019-05-09,"C",2,"balanus",452,"ambient",3.81547619047619
"82",2019-05-09,"B",14,"balanus",274,"warm",3.81547619047619
"83",2019-05-09,"B",16,"balanus",205,"warm",3.81547619047619
"84",2019-05-09,"C",1,"balanus",170,"warm",3.81547619047619
"85",2019-05-09,"C",3,"balanus",495,"ambient",3.81547619047619
"86",2019-05-09,"B",2,"balanus",346,"warm",3.81547619047619
"87",2019-05-09,"B",9,"balanus",481,"ambient",3.81547619047619
"88",2019-05-09,"B",10,"balanus",368,"warm",3.81547619047619
"89",2019-05-09,"B",5,"balanus",414,"ambient",3.81547619047619
"90",2019-05-09,"B",1,"balanus",495,"warm",3.81547619047619
"91",2019-05-09,"B",13,"balanus",418,"ambient",3.81547619047619
"92",2019-05-09,"B",12,"balanus",422,"warm",3.81547619047619
"93",2019-05-09,"B",15,"balanus",134,"ambient",3.81547619047619
"94",2019-05-09,"B",3,"balanus",333,"ambient",3.81547619047619
"95",2019-05-09,"B",4,"balanus",377,"ambient",3.81547619047619
"96",2019-05-09,"B",6,"balanus",193,"warm",3.81547619047619
"97",2019-06-05,"B",7,"balanus",91,"warm",7.67261904761905
"98",2019-06-05,"B",8,"balanus",202,"warm",7.67261904761905
"99",2019-06-05,"B",11,"balanus",100,"ambient",7.67261904761905
"100",2019-06-05,"C",2,"balanus",49,"ambient",7.67261904761905
"101",2019-06-05,"B",10,"balanus",180,"warm",7.67261904761905
"102",2019-06-05,"C",2,"balanus",133,"ambient",7.67261904761905
"103",2019-06-05,"C",4,"balanus",95,"warm",7.67261904761905
"104",2019-06-05,"C",5,"balanus",96,"ambient",7.67261904761905
"105",2019-06-05,"C",2,"balanus",175,"ambient",7.67261904761905
"106",2019-06-05,"B",14,"balanus",72,"warm",7.67261904761905
"107",2019-06-05,"B",16,"balanus",123,"warm",7.67261904761905
"108",2019-06-05,"C",1,"balanus",181,"warm",7.67261904761905
"109",2019-06-05,"C",3,"balanus",163,"ambient",7.67261904761905
"110",2019-06-05,"B",2,"balanus",135,"warm",7.67261904761905
"111",2019-06-05,"B",9,"balanus",42,"ambient",7.67261904761905
"112",2019-06-05,"B",10,"balanus",136,"warm",7.67261904761905
"113",2019-06-05,"B",5,"balanus",86,"ambient",7.67261904761905
"114",2019-06-05,"B",1,"balanus",80,"warm",7.67261904761905
"115",2019-06-05,"B",13,"balanus",98,"ambient",7.67261904761905
"116",2019-06-05,"B",12,"balanus",42,"warm",7.67261904761905
"117",2019-06-05,"F",1,"balanus",20,"warm",7.67261904761905
"118",2019-06-05,"F",2,"balanus",55,"warm",7.67261904761905
"119",2019-06-05,"F",3,"balanus",63,"ambient",7.67261904761905
"120",2019-06-05,"F",4,"balanus",77,"ambient",7.67261904761905
"121",2019-06-05,"F",5,"balanus",57,"warm",7.67261904761905
"122",2019-06-05,"C",8,"balanus",2,"warm",7.67261904761905
"123",2019-06-05,"F",6,"balanus",69,"warm",7.67261904761905
"124",2019-06-05,"C",7,"balanus",46,"warm",7.67261904761905
"125",2019-06-05,"F",7,"balanus",111,"ambient",7.67261904761905
"126",2019-06-05,"F",8,"balanus",91,"warm",7.67261904761905
"127",2019-06-05,"F",9,"balanus",287,"ambient",7.67261904761905
"128",2019-06-05,"F",10,"balanus",32,"warm",7.67261904761905
"129",2019-06-05,"F",11,"balanus",41,"ambient",7.67261904761905
"130",2019-06-05,"F",12,"balanus",64,"ambient",7.67261904761905
"131",2019-06-05,"F",13,"balanus",36,"warm",7.67261904761905
"132",2019-06-05,"F",14,"balanus",18,"ambient",7.67261904761905
"133",2019-06-05,"F",15,"balanus",23,"ambient",7.67261904761905
"134",2019-06-05,"F",16,"balanus",40,"warm",7.67261904761905
"135",2019-06-05,"C",13,"balanus",134,"ambient",7.67261904761905
"136",2019-06-05,"B",7,"balanus",58,"warm",7.67261904761905
"137",2019-06-05,"B",8,"balanus",68,"warm",7.67261904761905
"138",2019-06-05,"B",11,"balanus",214,"ambient",7.67261904761905
"139",2019-06-05,"C",5,"balanus",76,"ambient",7.67261904761905
"140",2019-06-05,"C",2,"balanus",55,"ambient",7.67261904761905
"141",2019-06-05,"B",14,"balanus",20,"warm",7.67261904761905
"142",2019-06-05,"B",16,"balanus",14,"warm",7.67261904761905
"143",2019-06-05,"C",1,"balanus",11,"warm",7.67261904761905
"144",2019-06-05,"C",3,"balanus",11,"ambient",7.67261904761905
"145",2019-06-05,"B",2,"balanus",40,"warm",7.67261904761905
"146",2019-06-05,"B",9,"balanus",58,"ambient",7.67261904761905
"147",2019-06-05,"B",10,"balanus",45,"warm",7.67261904761905
"148",2019-06-05,"B",5,"balanus",186,"ambient",7.67261904761905
"149",2019-06-05,"B",1,"balanus",38,"warm",7.67261904761905
"150",2019-06-05,"B",13,"balanus",26,"ambient",7.67261904761905
"151",2019-06-05,"B",12,"balanus",50,"warm",7.67261904761905
"152",2019-06-05,"B",15,"balanus",127,"ambient",7.67261904761905
"153",2019-06-05,"B",3,"balanus",147,"ambient",7.67261904761905
"154",2019-06-05,"B",4,"balanus",240,"ambient",7.67261904761905
"155",2019-06-05,"B",6,"balanus",34,"warm",7.67261904761905
"156",2019-06-05,"F",1,"balanus",14,"warm",7.67261904761905
"157",2019-06-05,"F",2,"balanus",49,"warm",7.67261904761905
"158",2019-06-05,"F",3,"balanus",48,"ambient",7.67261904761905
"159",2019-06-05,"F",4,"balanus",46,"ambient",7.67261904761905
"160",2019-06-05,"F",5,"balanus",54,"warm",7.67261904761905
"161",2019-06-05,"C",8,"balanus",31,"warm",7.67261904761905
"162",2019-06-05,"F",6,"balanus",46,"warm",7.67261904761905
"163",2019-06-05,"C",7,"balanus",25,"warm",7.67261904761905
"164",2019-06-05,"F",7,"balanus",19,"ambient",7.67261904761905
"165",2019-06-05,"F",8,"balanus",46,"warm",7.67261904761905
"166",2019-06-05,"F",9,"balanus",24,"ambient",7.67261904761905
"167",2019-06-05,"F",10,"balanus",18,"warm",7.67261904761905
"168",2019-06-05,"F",11,"balanus",25,"ambient",7.67261904761905
"169",2019-06-05,"F",12,"balanus",26,"ambient",7.67261904761905
"170",2019-06-05,"F",13,"balanus",35,"warm",7.67261904761905
"171",2019-06-05,"F",14,"balanus",73,"ambient",7.67261904761905
"172",2019-06-05,"C",1,"balanus",41,"warm",7.67261904761905
"173",2019-06-05,"B",2,"balanus",35,"warm",7.67261904761905
"174",2019-06-05,"A",1,"balanus",21,"warm",7.67261904761905
"175",2019-06-05,"A",2,"balanus",38,"warm",7.67261904761905
"176",2019-06-05,"A",3,"balanus",11,"ambient",7.67261904761905
"177",2019-06-05,"A",4,"balanus",34,"warm",7.67261904761905
"178",2019-06-05,"A",5,"balanus",58,"warm",7.67261904761905
"179",2019-06-05,"A",6,"balanus",13,"warm",7.67261904761905
"180",2019-06-05,"A",7,"balanus",32,"ambient",7.67261904761905
"181",2019-06-05,"A",8,"balanus",17,"ambient",7.67261904761905
"182",2019-06-05,"A",9,"balanus",24,"ambient",7.67261904761905
"183",2019-06-05,"A",10,"balanus",40,"warm",7.67261904761905
"184",2019-06-05,"A",11,"balanus",38,"ambient",7.67261904761905
"185",2019-06-05,"A",12,"balanus",37,"ambient",7.67261904761905
"186",2019-06-05,"B",16,"balanus",65,"warm",7.67261904761905
"187",2019-06-05,"B",14,"balanus",13,"warm",7.67261904761905
"188",2019-06-05,"A",13,"balanus",16,"ambient",7.67261904761905
"189",2019-06-05,"A",14,"balanus",26,"warm",7.67261904761905
"190",2019-06-05,"A",15,"balanus",15,"warm",7.67261904761905
"191",2019-06-05,"A",16,"balanus",13,"ambient",7.67261904761905
"192",2019-06-15,"A",1,"balanus",7,"warm",9.10119047619048
"193",2019-06-15,"A",2,"balanus",29,"warm",9.10119047619048
"194",2019-06-15,"A",3,"balanus",3,"ambient",9.10119047619048
"195",2019-06-15,"A",4,"balanus",31,"warm",9.10119047619048
"196",2019-06-15,"A",5,"balanus",52,"warm",9.10119047619048
"197",2019-06-15,"A",6,"balanus",11,"warm",9.10119047619048
"198",2019-06-15,"A",7,"balanus",24,"ambient",9.10119047619048
"199",2019-06-15,"A",8,"balanus",20,"ambient",9.10119047619048
"200",2019-06-15,"A",9,"balanus",34,"ambient",9.10119047619048
"201",2019-06-15,"A",10,"balanus",47,"warm",9.10119047619048
"202",2019-06-15,"A",11,"balanus",53,"ambient",9.10119047619048
"203",2019-06-15,"A",12,"balanus",37,"ambient",9.10119047619048
"204",2019-06-15,"A",13,"balanus",12,"ambient",9.10119047619048
"205",2019-06-15,"A",14,"balanus",23,"warm",9.10119047619048
"206",2019-06-15,"A",15,"balanus",10,"warm",9.10119047619048
"207",2019-06-15,"A",16,"balanus",16,"ambient",9.10119047619048
"208",2019-06-15,"B",1,"balanus",27,"warm",9.10119047619048
"209",2019-06-15,"B",2,"balanus",37,"warm",9.10119047619048
"210",2019-06-15,"B",3,"balanus",112,"ambient",9.10119047619048
"211",2019-06-15,"B",4,"balanus",216,"ambient",9.10119047619048
"212",2019-06-15,"B",5,"balanus",36,"ambient",9.10119047619048
"213",2019-06-15,"B",6,"balanus",30,"warm",9.10119047619048
"214",2019-06-15,"B",7,"balanus",44,"warm",9.10119047619048
"215",2019-06-15,"B",8,"balanus",59,"warm",9.10119047619048
"216",2019-06-15,"B",9,"balanus",46,"ambient",9.10119047619048
"217",2019-06-15,"B",10,"balanus",9,"warm",9.10119047619048
"218",2019-06-15,"B",11,"balanus",268,"ambient",9.10119047619048
"219",2019-06-15,"B",12,"balanus",12,"warm",9.10119047619048
"220",2019-06-15,"B",13,"balanus",8,"ambient",9.10119047619048
"221",2019-06-15,"B",14,"balanus",5,"warm",9.10119047619048
"222",2019-06-15,"B",15,"balanus",90,"ambient",9.10119047619048
"223",2019-06-15,"B",16,"balanus",0,"warm",9.10119047619048
"224",2019-06-15,"C",1,"balanus",4,"warm",9.10119047619048
"225",2019-06-15,"C",2,"balanus",35,"ambient",9.10119047619048
"226",2019-06-15,"C",3,"balanus",15,"ambient",9.10119047619048
"227",2019-06-15,"C",4,"balanus",71,"warm",9.10119047619048
"228",2019-06-15,"C",5,"balanus",99,"ambient",9.10119047619048
"229",2019-06-15,"C",6,"balanus",24,"warm",9.10119047619048
"230",2019-06-15,"C",7,"balanus",29,"warm",9.10119047619048
"231",2019-06-15,"C",8,"balanus",3,"warm",9.10119047619048
"232",2019-06-15,"C",9,"balanus",56,"ambient",9.10119047619048
"233",2019-06-15,"C",10,"balanus",5,"warm",9.10119047619048
"234",2019-06-15,"C",11,"balanus",53,"warm",9.10119047619048
"235",2019-06-15,"C",12,"balanus",42,"warm",9.10119047619048
"236",2019-06-15,"C",13,"balanus",106,"ambient",9.10119047619048
"237",2019-06-15,"C",14,"balanus",25,"ambient",9.10119047619048
"238",2019-06-15,"C",15,"balanus",2,"ambient",9.10119047619048
"239",2019-06-15,"C",16,"balanus",132,"ambient",9.10119047619048
"240",2019-06-15,"D",1,"balanus",61,"ambient",9.10119047619048
"241",2019-06-15,"D",2,"balanus",57,"ambient",9.10119047619048
"242",2019-06-15,"D",3,"balanus",29,"warm",9.10119047619048
"243",2019-06-15,"D",4,"balanus",10,"ambient",9.10119047619048
"244",2019-06-15,"D",5,"balanus",9,"ambient",9.10119047619048
"245",2019-06-15,"D",6,"balanus",5,"ambient",9.10119047619048
"246",2019-06-15,"D",7,"balanus",2,"warm",9.10119047619048
"247",2019-06-15,"D",8,"balanus",0.5,"warm",9.10119047619048
"248",2019-06-15,"D",9,"balanus",1,"warm",9.10119047619048
"249",2019-06-15,"D",10,"balanus",2,"ambient",9.10119047619048
"250",2019-06-15,"D",11,"balanus",4,"ambient",9.10119047619048
"251",2019-06-15,"D",12,"balanus",1,"warm",9.10119047619048
"252",2019-06-15,"D",13,"balanus",0.1,"ambient",9.10119047619048
"253",2019-06-15,"D",14,"balanus",1,"warm",9.10119047619048
"254",2019-06-15,"D",15,"balanus",0.5,"warm",9.10119047619048
"255",2019-06-15,"D",16,"balanus",0.5,"warm",9.10119047619048
"256",2019-06-15,"E",1,"balanus",58,"warm",9.10119047619048
"257",2019-06-15,"E",2,"balanus",49,"ambient",9.10119047619048
"258",2019-06-15,"E",3,"balanus",63,"warm",9.10119047619048
"259",2019-06-15,"E",4,"balanus",81,"warm",9.10119047619048
"260",2019-06-15,"E",5,"balanus",51,"ambient",9.10119047619048
"261",2019-06-15,"E",6,"balanus",46,"warm",9.10119047619048
"262",2019-06-15,"E",7,"balanus",23,"warm",9.10119047619048
"263",2019-06-15,"E",8,"balanus",28,"ambient",9.10119047619048
"264",2019-06-15,"E",9,"balanus",21,"ambient",9.10119047619048
"265",2019-06-15,"E",10,"balanus",47,"ambient",9.10119047619048
"266",2019-06-15,"E",11,"balanus",35,"warm",9.10119047619048
"267",2019-06-15,"E",12,"balanus",16,"ambient",9.10119047619048
"268",2019-06-15,"E",13,"balanus",82,"ambient",9.10119047619048
"269",2019-06-15,"E",14,"balanus",80,"ambient",9.10119047619048
"270",2019-06-15,"E",15,"balanus",104,"warm",9.10119047619048
"271",2019-06-15,"E",16,"balanus",15,"warm",9.10119047619048
"272",2019-06-15,"F",1,"balanus",12,"warm",9.10119047619048
"273",2019-06-15,"F",2,"balanus",30,"warm",9.10119047619048
"274",2019-06-15,"F",3,"balanus",39,"ambient",9.10119047619048
"275",2019-06-15,"F",4,"balanus",43,"ambient",9.10119047619048
"276",2019-06-15,"F",5,"balanus",34,"warm",9.10119047619048
"277",2019-06-15,"F",6,"balanus",54,"warm",9.10119047619048
"278",2019-06-15,"F",7,"balanus",89,"ambient",9.10119047619048
"279",2019-06-15,"F",8,"balanus",87,"warm",9.10119047619048
"280",2019-06-15,"F",9,"balanus",250,"ambient",9.10119047619048
"281",2019-06-15,"F",10,"balanus",36,"warm",9.10119047619048
"282",2019-06-15,"F",11,"balanus",38,"ambient",9.10119047619048
"283",2019-06-15,"F",12,"balanus",61,"ambient",9.10119047619048
"284",2019-06-15,"F",13,"balanus",31,"warm",9.10119047619048
"285",2019-06-15,"F",14,"balanus",16,"ambient",9.10119047619048
"286",2019-06-15,"F",15,"balanus",22,"ambient",9.10119047619048
"287",2019-06-15,"F",16,"balanus",22,"warm",9.10119047619048
"288",2019-07-04,"A",1,"balanus",1,"warm",11.8154761904762
"289",2019-07-04,"A",2,"balanus",4,"warm",11.8154761904762
"290",2019-07-04,"A",3,"balanus",0,"ambient",11.8154761904762
"291",2019-07-04,"A",4,"balanus",5,"warm",11.8154761904762
"292",2019-07-04,"A",5,"balanus",14,"warm",11.8154761904762
"293",2019-07-04,"A",6,"balanus",4,"warm",11.8154761904762
"294",2019-07-04,"A",7,"balanus",19,"ambient",11.8154761904762
"295",2019-07-04,"A",8,"balanus",21,"ambient",11.8154761904762
"296",2019-07-04,"A",9,"balanus",33,"ambient",11.8154761904762
"297",2019-07-04,"A",10,"balanus",51,"warm",11.8154761904762
"298",2019-07-04,"A",11,"balanus",38,"ambient",11.8154761904762
"299",2019-07-04,"A",12,"balanus",44,"ambient",11.8154761904762
"300",2019-07-04,"A",13,"balanus",19,"ambient",11.8154761904762
"301",2019-07-04,"A",14,"balanus",19,"warm",11.8154761904762
"302",2019-07-04,"A",15,"balanus",12,"warm",11.8154761904762
"303",2019-07-04,"A",16,"balanus",14,"ambient",11.8154761904762
"304",2019-07-04,"B",1,"balanus",5,"warm",11.8154761904762
"305",2019-07-04,"B",2,"balanus",12,"warm",11.8154761904762
"306",2019-07-04,"B",3,"balanus",56,"ambient",11.8154761904762
"307",2019-07-04,"B",4,"balanus",126,"ambient",11.8154761904762
"308",2019-07-04,"B",5,"balanus",5,"ambient",11.8154761904762
"309",2019-07-04,"B",6,"balanus",7,"warm",11.8154761904762
"310",2019-07-04,"B",7,"balanus",5,"warm",11.8154761904762
"311",2019-07-04,"B",8,"balanus",7,"warm",11.8154761904762
"312",2019-07-04,"B",9,"balanus",4,"ambient",11.8154761904762
"313",2019-07-04,"B",10,"balanus",0,"warm",11.8154761904762
"314",2019-07-04,"B",11,"balanus",180,"ambient",11.8154761904762
"315",2019-07-04,"B",12,"balanus",2,"warm",11.8154761904762
"316",2019-07-04,"B",13,"balanus",0,"ambient",11.8154761904762
"317",2019-07-04,"B",14,"balanus",0,"warm",11.8154761904762
"318",2019-07-04,"B",15,"balanus",53,"ambient",11.8154761904762
"319",2019-07-04,"B",16,"balanus",1,"warm",11.8154761904762
"320",2019-07-04,"C",1,"balanus",0,"warm",11.8154761904762
"321",2019-07-04,"C",2,"balanus",17,"ambient",11.8154761904762
"322",2019-07-04,"C",3,"balanus",6,"ambient",11.8154761904762
"323",2019-07-04,"C",4,"balanus",9,"warm",11.8154761904762
"324",2019-07-04,"C",5,"balanus",89,"ambient",11.8154761904762
"325",2019-07-04,"C",6,"balanus",6,"warm",11.8154761904762
"326",2019-07-04,"C",7,"balanus",10,"warm",11.8154761904762
"327",2019-07-04,"C",8,"balanus",0,"warm",11.8154761904762
"328",2019-07-04,"C",9,"balanus",48,"ambient",11.8154761904762
"329",2019-07-04,"C",10,"balanus",8,"warm",11.8154761904762
"330",2019-07-04,"C",11,"balanus",25,"warm",11.8154761904762
"331",2019-07-04,"C",12,"balanus",37,"warm",11.8154761904762
"332",2019-07-04,"C",13,"balanus",100,"ambient",11.8154761904762
"333",2019-07-04,"C",14,"balanus",22,"ambient",11.8154761904762
"334",2019-07-04,"C",15,"balanus",8,"ambient",11.8154761904762
"335",2019-07-04,"C",16,"balanus",108,"ambient",11.8154761904762
"336",2019-07-04,"D",1,"balanus",3,"ambient",11.8154761904762
"337",2019-07-04,"D",2,"balanus",20,"ambient",11.8154761904762
"338",2019-07-04,"D",3,"balanus",9,"warm",11.8154761904762
"339",2019-07-04,"D",4,"balanus",23,"ambient",11.8154761904762
"340",2019-07-04,"D",5,"balanus",51,"ambient",11.8154761904762
"341",2019-07-04,"D",6,"balanus",10,"ambient",11.8154761904762
"342",2019-07-04,"D",7,"balanus",10,"warm",11.8154761904762
"343",2019-07-04,"D",8,"balanus",7,"warm",11.8154761904762
"344",2019-07-04,"D",9,"balanus",5,"warm",11.8154761904762
"345",2019-07-04,"D",10,"balanus",24,"ambient",11.8154761904762
"346",2019-07-04,"D",11,"balanus",15,"ambient",11.8154761904762
"347",2019-07-04,"D",12,"balanus",1,"warm",11.8154761904762
"348",2019-07-04,"D",13,"balanus",8,"ambient",11.8154761904762
"349",2019-07-04,"D",14,"balanus",4,"warm",11.8154761904762
"350",2019-07-04,"D",15,"balanus",6,"warm",11.8154761904762
"351",2019-07-04,"D",16,"balanus",25,"warm",11.8154761904762
"352",2019-07-04,"E",1,"balanus",29,"warm",11.8154761904762
"353",2019-07-04,"E",2,"balanus",92,"ambient",11.8154761904762
"354",2019-07-04,"E",3,"balanus",7,"warm",11.8154761904762
"355",2019-07-04,"E",4,"balanus",11,"warm",11.8154761904762
"356",2019-07-04,"E",5,"balanus",121,"ambient",11.8154761904762
"357",2019-07-04,"E",6,"balanus",13,"warm",11.8154761904762
"358",2019-07-04,"E",7,"balanus",22,"warm",11.8154761904762
"359",2019-07-04,"E",8,"balanus",103,"ambient",11.8154761904762
"360",2019-07-04,"E",9,"balanus",110,"ambient",11.8154761904762
"361",2019-07-04,"E",10,"balanus",76,"ambient",11.8154761904762
"362",2019-07-04,"E",11,"balanus",15,"warm",11.8154761904762
"363",2019-07-04,"E",12,"balanus",101,"ambient",11.8154761904762
"364",2019-07-04,"E",13,"balanus",72,"ambient",11.8154761904762
"365",2019-07-04,"E",14,"balanus",61,"ambient",11.8154761904762
"366",2019-07-04,"E",15,"balanus",37,"warm",11.8154761904762
"367",2019-07-04,"E",16,"balanus",7,"warm",11.8154761904762
"368",2019-07-04,"F",1,"balanus",4,"warm",11.8154761904762
"369",2019-07-04,"F",2,"balanus",6,"warm",11.8154761904762
"370",2019-07-04,"F",3,"balanus",11,"ambient",11.8154761904762
"371",2019-07-04,"F",4,"balanus",30,"ambient",11.8154761904762
"372",2019-07-04,"F",5,"balanus",2,"warm",11.8154761904762
"373",2019-07-04,"F",6,"balanus",14,"warm",11.8154761904762
"374",2019-07-04,"F",7,"balanus",61,"ambient",11.8154761904762
"375",2019-07-04,"F",8,"balanus",27,"warm",11.8154761904762
"376",2019-07-04,"F",9,"balanus",119,"ambient",11.8154761904762
"377",2019-07-04,"F",10,"balanus",0,"warm",11.8154761904762
"378",2019-07-04,"F",11,"balanus",9,"ambient",11.8154761904762
"379",2019-07-04,"F",12,"balanus",19,"ambient",11.8154761904762
"380",2019-07-04,"F",13,"balanus",2,"warm",11.8154761904762
"381",2019-07-04,"F",14,"balanus",13,"ambient",11.8154761904762
"382",2019-07-04,"F",15,"balanus",17,"ambient",11.8154761904762
"383",2019-07-04,"F",16,"balanus",4,"warm",11.8154761904762
"384",2019-07-18,"A",1,"balanus",2,"warm",13.8154761904762
"385",2019-07-18,"A",2,"balanus",19,"warm",13.8154761904762
"386",2019-07-18,"A",3,"balanus",1,"ambient",13.8154761904762
"387",2019-07-18,"A",4,"balanus",5,"warm",13.8154761904762
"388",2019-07-18,"A",5,"balanus",10,"warm",13.8154761904762
"389",2019-07-18,"A",6,"balanus",4,"warm",13.8154761904762
"390",2019-07-18,"A",7,"balanus",16,"ambient",13.8154761904762
"391",2019-07-18,"A",8,"balanus",7,"ambient",13.8154761904762
"392",2019-07-18,"A",9,"balanus",13,"ambient",13.8154761904762
"393",2019-07-18,"A",10,"balanus",22,"warm",13.8154761904762
"394",2019-07-18,"A",11,"balanus",28,"ambient",13.8154761904762
"395",2019-07-18,"A",12,"balanus",26,"ambient",13.8154761904762
"396",2019-07-18,"A",13,"balanus",9,"ambient",13.8154761904762
"397",2019-07-18,"A",14,"balanus",4,"warm",13.8154761904762
"398",2019-07-18,"A",15,"balanus",1,"warm",13.8154761904762
"399",2019-07-18,"A",16,"balanus",9,"ambient",13.8154761904762
"400",2019-07-18,"B",1,"balanus",1,"warm",13.8154761904762
"401",2019-07-18,"B",2,"balanus",10,"warm",13.8154761904762
"402",2019-07-18,"B",3,"balanus",68,"ambient",13.8154761904762
"403",2019-07-18,"B",4,"balanus",123,"ambient",13.8154761904762
"404",2019-07-18,"B",5,"balanus",7,"ambient",13.8154761904762
"405",2019-07-18,"B",6,"balanus",8,"warm",13.8154761904762
"406",2019-07-18,"B",7,"balanus",0,"warm",13.8154761904762
"407",2019-07-18,"B",8,"balanus",8,"warm",13.8154761904762
"408",2019-07-18,"B",9,"balanus",6,"ambient",13.8154761904762
"409",2019-07-18,"B",10,"balanus",0,"warm",13.8154761904762
"410",2019-07-18,"B",11,"balanus",116,"ambient",13.8154761904762
"411",2019-07-18,"B",12,"balanus",2,"warm",13.8154761904762
"412",2019-07-18,"B",13,"balanus",0,"ambient",13.8154761904762
"413",2019-07-18,"B",14,"balanus",0,"warm",13.8154761904762
"414",2019-07-18,"B",15,"balanus",53,"ambient",13.8154761904762
"415",2019-07-18,"B",16,"balanus",2,"warm",13.8154761904762
"416",2019-07-18,"C",1,"balanus",0,"warm",13.8154761904762
"417",2019-07-18,"C",2,"balanus",12,"ambient",13.8154761904762
"418",2019-07-18,"C",3,"balanus",4,"ambient",13.8154761904762
"419",2019-07-18,"C",4,"balanus",7,"warm",13.8154761904762
"420",2019-07-18,"C",5,"balanus",68,"ambient",13.8154761904762
"421",2019-07-18,"C",6,"balanus",5,"warm",13.8154761904762
"422",2019-07-18,"C",7,"balanus",7,"warm",13.8154761904762
"423",2019-07-18,"C",8,"balanus",0,"warm",13.8154761904762
"424",2019-07-18,"C",9,"balanus",34,"ambient",13.8154761904762
"425",2019-07-18,"C",10,"balanus",2,"warm",13.8154761904762
"426",2019-07-18,"C",11,"balanus",21,"warm",13.8154761904762
"427",2019-07-18,"C",12,"balanus",18,"warm",13.8154761904762
"428",2019-07-18,"C",13,"balanus",102,"ambient",13.8154761904762
"429",2019-07-18,"C",14,"balanus",15,"ambient",13.8154761904762
"430",2019-07-18,"C",15,"balanus",1,"ambient",13.8154761904762
"431",2019-07-18,"C",16,"balanus",88,"ambient",13.8154761904762
"432",2019-07-18,"D",1,"balanus",5,"ambient",13.8154761904762
"433",2019-07-18,"D",2,"balanus",18,"ambient",13.8154761904762
"434",2019-07-18,"D",3,"balanus",2,"warm",13.8154761904762
"435",2019-07-18,"D",4,"balanus",7,"ambient",13.8154761904762
"436",2019-07-18,"D",5,"balanus",38,"ambient",13.8154761904762
"437",2019-07-18,"D",6,"balanus",7,"ambient",13.8154761904762
"438",2019-07-18,"D",7,"balanus",0,"warm",13.8154761904762
"439",2019-07-18,"D",8,"balanus",4,"warm",13.8154761904762
"440",2019-07-18,"D",9,"balanus",2,"warm",13.8154761904762
"441",2019-07-18,"D",10,"balanus",29,"ambient",13.8154761904762
"442",2019-07-18,"D",11,"balanus",11,"ambient",13.8154761904762
"443",2019-07-18,"D",12,"balanus",0,"warm",13.8154761904762
"444",2019-07-18,"D",13,"balanus",11,"ambient",13.8154761904762
"445",2019-07-18,"D",14,"balanus",3,"warm",13.8154761904762
"446",2019-07-18,"D",15,"balanus",2,"warm",13.8154761904762
"447",2019-07-18,"D",16,"balanus",2,"warm",13.8154761904762
"448",2019-07-18,"E",1,"balanus",0,"warm",13.8154761904762
"449",2019-07-18,"E",2,"balanus",115,"ambient",13.8154761904762
"450",2019-07-18,"E",3,"balanus",0,"warm",13.8154761904762
"451",2019-07-18,"E",4,"balanus",0,"warm",13.8154761904762
"452",2019-07-18,"E",5,"balanus",127,"ambient",13.8154761904762
"453",2019-07-18,"E",6,"balanus",2,"warm",13.8154761904762
"454",2019-07-18,"E",7,"balanus",0,"warm",13.8154761904762
"455",2019-07-18,"E",8,"balanus",71,"ambient",13.8154761904762
"456",2019-07-18,"E",9,"balanus",61,"ambient",13.8154761904762
"457",2019-07-18,"E",10,"balanus",68,"ambient",13.8154761904762
"458",2019-07-18,"E",11,"balanus",2,"warm",13.8154761904762
"459",2019-07-18,"E",12,"balanus",53,"ambient",13.8154761904762
"460",2019-07-18,"E",13,"balanus",72,"ambient",13.8154761904762
"461",2019-07-18,"E",14,"balanus",35,"ambient",13.8154761904762
"462",2019-07-18,"E",15,"balanus",2,"warm",13.8154761904762
"463",2019-07-18,"E",16,"balanus",0,"warm",13.8154761904762
"464",2019-07-18,"F",1,"balanus",1,"warm",13.8154761904762
"465",2019-07-18,"F",2,"balanus",0,"warm",13.8154761904762
"466",2019-07-18,"F",3,"balanus",4,"ambient",13.8154761904762
"467",2019-07-18,"F",4,"balanus",5,"ambient",13.8154761904762
"468",2019-07-18,"F",5,"balanus",0,"warm",13.8154761904762
"469",2019-07-18,"F",6,"balanus",0,"warm",13.8154761904762
"470",2019-07-18,"F",7,"balanus",40,"ambient",13.8154761904762
"471",2019-07-18,"F",8,"balanus",15,"warm",13.8154761904762
"472",2019-07-18,"F",9,"balanus",89,"ambient",13.8154761904762
"473",2019-07-18,"F",10,"balanus",0,"warm",13.8154761904762
"474",2019-07-18,"F",11,"balanus",13,"ambient",13.8154761904762
"475",2019-07-18,"F",12,"balanus",24,"ambient",13.8154761904762
"476",2019-07-18,"F",13,"balanus",4,"warm",13.8154761904762
"477",2019-07-18,"F",14,"balanus",14,"ambient",13.8154761904762
"478",2019-07-18,"F",15,"balanus",26,"ambient",13.8154761904762
"479",2019-07-18,"F",16,"balanus",0,"warm",13.8154761904762
"480",2019-07-31,"A",1,"balanus",1,"warm",15.672619047619
"481",2019-07-31,"A",2,"balanus",9,"warm",15.672619047619
"482",2019-07-31,"A",3,"balanus",0,"ambient",15.672619047619
"483",2019-07-31,"A",4,"balanus",4,"warm",15.672619047619
"484",2019-07-31,"A",5,"balanus",2,"warm",15.672619047619
"485",2019-07-31,"A",6,"balanus",1,"warm",15.672619047619
"486",2019-07-31,"A",7,"balanus",10,"ambient",15.672619047619
"487",2019-07-31,"A",8,"balanus",6,"ambient",15.672619047619
"488",2019-07-31,"A",9,"balanus",7,"ambient",15.672619047619
"489",2019-07-31,"A",10,"balanus",6,"warm",15.672619047619
"490",2019-07-31,"A",11,"balanus",32,"ambient",15.672619047619
"491",2019-07-31,"A",12,"balanus",23,"ambient",15.672619047619
"492",2019-07-31,"A",13,"balanus",5,"ambient",15.672619047619
"493",2019-07-31,"A",14,"balanus",2,"warm",15.672619047619
"494",2019-07-31,"A",15,"balanus",0,"warm",15.672619047619
"495",2019-07-31,"A",16,"balanus",7,"ambient",15.672619047619
"496",2019-07-31,"B",1,"balanus",0,"warm",15.672619047619
"497",2019-07-31,"B",2,"balanus",8,"warm",15.672619047619
"498",2019-07-31,"B",3,"balanus",50,"ambient",15.672619047619
"499",2019-07-31,"B",4,"balanus",79,"ambient",15.672619047619
"500",2019-07-31,"B",5,"balanus",2,"ambient",15.672619047619
"501",2019-07-31,"B",6,"balanus",2,"warm",15.672619047619
"502",2019-07-31,"B",7,"balanus",0,"warm",15.672619047619
"503",2019-07-31,"B",8,"balanus",1,"warm",15.672619047619
"504",2019-07-31,"B",9,"balanus",5,"ambient",15.672619047619
"505",2019-07-31,"B",10,"balanus",0,"warm",15.672619047619
"506",2019-07-31,"B",11,"balanus",88,"ambient",15.672619047619
"507",2019-07-31,"B",12,"balanus",1,"warm",15.672619047619
"508",2019-07-31,"B",13,"balanus",0,"ambient",15.672619047619
"509",2019-07-31,"B",14,"balanus",0,"warm",15.672619047619
"510",2019-07-31,"B",15,"balanus",42,"ambient",15.672619047619
"511",2019-07-31,"B",16,"balanus",1,"warm",15.672619047619
"512",2019-07-31,"C",1,"balanus",0,"warm",15.672619047619
"513",2019-07-31,"C",2,"balanus",5,"ambient",15.672619047619
"514",2019-07-31,"C",3,"balanus",14,"ambient",15.672619047619
"515",2019-07-31,"C",4,"balanus",0,"warm",15.672619047619
"516",2019-07-31,"C",5,"balanus",58,"ambient",15.672619047619
"517",2019-07-31,"C",6,"balanus",0,"warm",15.672619047619
"518",2019-07-31,"C",7,"balanus",0,"warm",15.672619047619
"519",2019-07-31,"C",8,"balanus",0,"warm",15.672619047619
"520",2019-07-31,"C",9,"balanus",21,"ambient",15.672619047619
"521",2019-07-31,"C",10,"balanus",1,"warm",15.672619047619
"522",2019-07-31,"C",11,"balanus",6,"warm",15.672619047619
"523",2019-07-31,"C",12,"balanus",4,"warm",15.672619047619
"524",2019-07-31,"C",13,"balanus",73,"ambient",15.672619047619
"525",2019-07-31,"C",14,"balanus",16,"ambient",15.672619047619
"526",2019-07-31,"C",15,"balanus",0,"ambient",15.672619047619
"527",2019-07-31,"C",16,"balanus",63,"ambient",15.672619047619
"528",2019-07-31,"D",1,"balanus",9,"ambient",15.672619047619
"529",2019-07-31,"D",2,"balanus",25,"ambient",15.672619047619
"530",2019-07-31,"D",3,"balanus",2,"warm",15.672619047619
"531",2019-07-31,"D",4,"balanus",10,"ambient",15.672619047619
"532",2019-07-31,"D",5,"balanus",35,"ambient",15.672619047619
"533",2019-07-31,"D",6,"balanus",6,"ambient",15.672619047619
"534",2019-07-31,"D",7,"balanus",0,"warm",15.672619047619
"535",2019-07-31,"D",8,"balanus",4,"warm",15.672619047619
"536",2019-07-31,"D",9,"balanus",0,"warm",15.672619047619
"537",2019-07-31,"D",10,"balanus",16,"ambient",15.672619047619
"538",2019-07-31,"D",11,"balanus",12,"ambient",15.672619047619
"539",2019-07-31,"D",12,"balanus",0,"warm",15.672619047619
"540",2019-07-31,"D",13,"balanus",6,"ambient",15.672619047619
"541",2019-07-31,"D",14,"balanus",0,"warm",15.672619047619
"542",2019-07-31,"D",15,"balanus",3,"warm",15.672619047619
"543",2019-07-31,"D",16,"balanus",0,"warm",15.672619047619
"544",2019-07-31,"E",1,"balanus",0,"warm",15.672619047619
"545",2019-07-31,"E",2,"balanus",90,"ambient",15.672619047619
"546",2019-07-31,"E",3,"balanus",0,"warm",15.672619047619
"547",2019-07-31,"E",4,"balanus",2,"warm",15.672619047619
"548",2019-07-31,"E",5,"balanus",140,"ambient",15.672619047619
"549",2019-07-31,"E",6,"balanus",7,"warm",15.672619047619
"550",2019-07-31,"E",7,"balanus",0,"warm",15.672619047619
"551",2019-07-31,"E",8,"balanus",10,"ambient",15.672619047619
"552",2019-07-31,"E",9,"balanus",98,"ambient",15.672619047619
"553",2019-07-31,"E",10,"balanus",87,"ambient",15.672619047619
"554",2019-07-31,"E",11,"balanus",2,"warm",15.672619047619
"555",2019-07-31,"E",12,"balanus",71,"ambient",15.672619047619
"556",2019-07-31,"E",13,"balanus",85,"ambient",15.672619047619
"557",2019-07-31,"E",14,"balanus",51,"ambient",15.672619047619
"558",2019-07-31,"E",15,"balanus",0,"warm",15.672619047619
"559",2019-07-31,"E",16,"balanus",0,"warm",15.672619047619
"560",2019-07-31,"F",1,"balanus",0,"warm",15.672619047619
"561",2019-07-31,"F",2,"balanus",21,"warm",15.672619047619
"562",2019-07-31,"F",3,"balanus",6,"ambient",15.672619047619
"563",2019-07-31,"F",4,"balanus",34,"ambient",15.672619047619
"564",2019-07-31,"F",5,"balanus",30,"warm",15.672619047619
"565",2019-07-31,"F",6,"balanus",11,"warm",15.672619047619
"566",2019-07-31,"F",7,"balanus",53,"ambient",15.672619047619
"567",2019-07-31,"F",8,"balanus",36,"warm",15.672619047619
"568",2019-07-31,"F",9,"balanus",128,"ambient",15.672619047619
"569",2019-07-31,"F",10,"balanus",0,"warm",15.672619047619
"570",2019-07-31,"F",11,"balanus",9,"ambient",15.672619047619
"571",2019-07-31,"F",12,"balanus",13,"ambient",15.672619047619
"572",2019-07-31,"F",13,"balanus",0,"warm",15.672619047619
"573",2019-07-31,"F",14,"balanus",8,"ambient",15.672619047619
"574",2019-07-31,"F",15,"balanus",17,"ambient",15.672619047619
"575",2019-07-31,"F",16,"balanus",4,"warm",15.672619047619
"576",2019-08-14,"A",1,"balanus",2,"warm",17.672619047619
"577",2019-08-14,"A",2,"balanus",15,"warm",17.672619047619
"578",2019-08-14,"A",3,"balanus",0,"ambient",17.672619047619
"579",2019-08-14,"A",4,"balanus",6,"warm",17.672619047619
"580",2019-08-14,"A",5,"balanus",5,"warm",17.672619047619
"581",2019-08-14,"A",6,"balanus",1,"warm",17.672619047619
"582",2019-08-14,"A",7,"balanus",16,"ambient",17.672619047619
"583",2019-08-14,"A",8,"balanus",10,"ambient",17.672619047619
"584",2019-08-14,"A",9,"balanus",14,"ambient",17.672619047619
"585",2019-08-14,"A",10,"balanus",9,"warm",17.672619047619
"586",2019-08-14,"A",11,"balanus",31,"ambient",17.672619047619
"587",2019-08-14,"A",12,"balanus",30,"ambient",17.672619047619
"588",2019-08-14,"A",13,"balanus",6,"ambient",17.672619047619
"589",2019-08-14,"A",14,"balanus",2,"warm",17.672619047619
"590",2019-08-14,"A",15,"balanus",1,"warm",17.672619047619
"591",2019-08-14,"A",16,"balanus",8,"ambient",17.672619047619
"592",2019-08-14,"B",1,"balanus",0,"warm",17.672619047619
"593",2019-08-14,"B",2,"balanus",5,"warm",17.672619047619
"594",2019-08-14,"B",3,"balanus",48,"ambient",17.672619047619
"595",2019-08-14,"B",4,"balanus",52,"ambient",17.672619047619
"596",2019-08-14,"B",5,"balanus",1,"ambient",17.672619047619
"597",2019-08-14,"B",6,"balanus",0,"warm",17.672619047619
"598",2019-08-14,"B",7,"balanus",0,"warm",17.672619047619
"599",2019-08-14,"B",8,"balanus",0,"warm",17.672619047619
"600",2019-08-14,"B",9,"balanus",3,"ambient",17.672619047619
"601",2019-08-14,"B",10,"balanus",0,"warm",17.672619047619
"602",2019-08-14,"B",11,"balanus",80,"ambient",17.672619047619
"603",2019-08-14,"B",12,"balanus",0,"warm",17.672619047619
"604",2019-08-14,"B",13,"balanus",0,"ambient",17.672619047619
"605",2019-08-14,"B",14,"balanus",0,"warm",17.672619047619
"606",2019-08-14,"B",15,"balanus",45,"ambient",17.672619047619
"607",2019-08-14,"B",16,"balanus",1,"warm",17.672619047619
"608",2019-08-14,"C",1,"balanus",0,"warm",17.672619047619
"609",2019-08-14,"C",2,"balanus",5,"ambient",17.672619047619
"610",2019-08-14,"C",3,"balanus",3,"ambient",17.672619047619
"611",2019-08-14,"C",4,"balanus",2,"warm",17.672619047619
"612",2019-08-14,"C",5,"balanus",77,"ambient",17.672619047619
"613",2019-08-14,"C",6,"balanus",0,"warm",17.672619047619
"614",2019-08-14,"C",7,"balanus",4,"warm",17.672619047619
"615",2019-08-14,"C",8,"balanus",0,"warm",17.672619047619
"616",2019-08-14,"C",9,"balanus",27,"ambient",17.672619047619
"617",2019-08-14,"C",10,"balanus",1,"warm",17.672619047619
"618",2019-08-14,"C",11,"balanus",8,"warm",17.672619047619
"619",2019-08-14,"C",12,"balanus",0,"warm",17.672619047619
"620",2019-08-14,"C",13,"balanus",68,"ambient",17.672619047619
"621",2019-08-14,"C",14,"balanus",17,"ambient",17.672619047619
"622",2019-08-14,"C",15,"balanus",1,"ambient",17.672619047619
"623",2019-08-14,"C",16,"balanus",85,"ambient",17.672619047619
"624",2019-08-14,"D",1,"balanus",10,"ambient",17.672619047619
"625",2019-08-14,"D",2,"balanus",31,"ambient",17.672619047619
"626",2019-08-14,"D",3,"balanus",2,"warm",17.672619047619
"627",2019-08-14,"D",4,"balanus",21,"ambient",17.672619047619
"628",2019-08-14,"D",5,"balanus",31,"ambient",17.672619047619
"629",2019-08-14,"D",6,"balanus",9,"ambient",17.672619047619
"630",2019-08-14,"D",7,"balanus",0,"warm",17.672619047619
"631",2019-08-14,"D",8,"balanus",3,"warm",17.672619047619
"632",2019-08-14,"D",9,"balanus",1,"warm",17.672619047619
"633",2019-08-14,"D",10,"balanus",24,"ambient",17.672619047619
"634",2019-08-14,"D",11,"balanus",13,"ambient",17.672619047619
"635",2019-08-14,"D",12,"balanus",0,"warm",17.672619047619
"636",2019-08-14,"D",13,"balanus",7,"ambient",17.672619047619
"637",2019-08-14,"D",14,"balanus",1,"warm",17.672619047619
"638",2019-08-14,"D",15,"balanus",4,"warm",17.672619047619
"639",2019-08-14,"D",16,"balanus",1,"warm",17.672619047619
"640",2019-08-14,"E",1,"balanus",0,"warm",17.672619047619
"641",2019-08-14,"E",2,"balanus",104,"ambient",17.672619047619
"642",2019-08-14,"E",3,"balanus",0,"warm",17.672619047619
"643",2019-08-14,"E",4,"balanus",0,"warm",17.672619047619
"644",2019-08-14,"E",5,"balanus",130,"ambient",17.672619047619
"645",2019-08-14,"E",6,"balanus",3,"warm",17.672619047619
"646",2019-08-14,"E",7,"balanus",2,"warm",17.672619047619
"647",2019-08-14,"E",8,"balanus",97,"ambient",17.672619047619
"648",2019-08-14,"E",9,"balanus",105,"ambient",17.672619047619
"649",2019-08-14,"E",10,"balanus",79,"ambient",17.672619047619
"650",2019-08-14,"E",11,"balanus",1,"warm",17.672619047619
"651",2019-08-14,"E",12,"balanus",76,"ambient",17.672619047619
"652",2019-08-14,"E",13,"balanus",98,"ambient",17.672619047619
"653",2019-08-14,"E",14,"balanus",49,"ambient",17.672619047619
"654",2019-08-14,"E",15,"balanus",0,"warm",17.672619047619
"655",2019-08-14,"E",16,"balanus",0,"warm",17.672619047619
"656",2019-08-14,"F",1,"balanus",0,"warm",17.672619047619
"657",2019-08-14,"F",2,"balanus",0,"warm",17.672619047619
"658",2019-08-14,"F",3,"balanus",10,"ambient",17.672619047619
"659",2019-08-14,"F",4,"balanus",18,"ambient",17.672619047619
"660",2019-08-14,"F",5,"balanus",0,"warm",17.672619047619
"661",2019-08-14,"F",6,"balanus",3,"warm",17.672619047619
"662",2019-08-14,"F",7,"balanus",65,"ambient",17.672619047619
"663",2019-08-14,"F",8,"balanus",15,"warm",17.672619047619
"664",2019-08-14,"F",9,"balanus",122,"ambient",17.672619047619
"665",2019-08-14,"F",10,"balanus",0,"warm",17.672619047619
"666",2019-08-14,"F",11,"balanus",10,"ambient",17.672619047619
"667",2019-08-14,"F",12,"balanus",7,"ambient",17.672619047619
"668",2019-08-14,"F",13,"balanus",1,"warm",17.672619047619
"669",2019-08-14,"F",14,"balanus",3,"ambient",17.672619047619
"670",2019-08-14,"F",15,"balanus",20,"ambient",17.672619047619
"671",2019-08-14,"F",16,"balanus",0,"warm",17.672619047619
"672",2019-10-20,"A",1,"balanus",2,"warm",27.2440476190476
"673",2019-10-20,"A",2,"balanus",27,"warm",27.2440476190476
"674",2019-10-20,"A",3,"balanus",2,"ambient",27.2440476190476
"675",2019-10-20,"A",4,"balanus",7,"warm",27.2440476190476
"676",2019-10-20,"A",5,"balanus",4,"warm",27.2440476190476
"677",2019-10-20,"A",6,"balanus",0,"warm",27.2440476190476
"678",2019-10-20,"A",7,"balanus",19,"ambient",27.2440476190476
"679",2019-10-20,"A",8,"balanus",13,"ambient",27.2440476190476
"680",2019-10-20,"A",9,"balanus",23,"ambient",27.2440476190476
"681",2019-10-20,"A",10,"balanus",6,"warm",27.2440476190476
"682",2019-10-20,"A",11,"balanus",47,"ambient",27.2440476190476
"683",2019-10-20,"A",12,"balanus",46,"ambient",27.2440476190476
"684",2019-10-20,"A",13,"balanus",14,"ambient",27.2440476190476
"685",2019-10-20,"A",14,"balanus",0,"warm",27.2440476190476
"686",2019-10-20,"A",15,"balanus",0,"warm",27.2440476190476
"687",2019-10-20,"A",16,"balanus",19,"ambient",27.2440476190476
"688",2019-10-20,"B",1,"balanus",0,"warm",27.2440476190476
"689",2019-10-20,"B",2,"balanus",2,"warm",27.2440476190476
"690",2019-10-20,"B",3,"balanus",42,"ambient",27.2440476190476
"691",2019-10-20,"B",4,"balanus",69,"ambient",27.2440476190476
"692",2019-10-20,"B",5,"balanus",3,"ambient",27.2440476190476
"693",2019-10-20,"B",6,"balanus",0,"warm",27.2440476190476
"694",2019-10-20,"B",7,"balanus",0,"warm",27.2440476190476
"695",2019-10-20,"B",8,"balanus",0,"warm",27.2440476190476
"696",2019-10-20,"B",9,"balanus",9,"ambient",27.2440476190476
"697",2019-10-20,"B",10,"balanus",0,"warm",27.2440476190476
"698",2019-10-20,"B",11,"balanus",79,"ambient",27.2440476190476
"699",2019-10-20,"B",12,"balanus",0,"warm",27.2440476190476
"700",2019-10-20,"B",13,"balanus",0,"ambient",27.2440476190476
"701",2019-10-20,"B",14,"balanus",0,"warm",27.2440476190476
"702",2019-10-20,"B",15,"balanus",16,"ambient",27.2440476190476
"703",2019-10-20,"B",16,"balanus",1,"warm",27.2440476190476
"704",2019-10-20,"C",1,"balanus",0,"warm",27.2440476190476
"705",2019-10-20,"C",2,"balanus",69,"ambient",27.2440476190476
"706",2019-10-20,"C",3,"balanus",15,"ambient",27.2440476190476
"707",2019-10-20,"C",4,"balanus",3,"warm",27.2440476190476
"708",2019-10-20,"C",5,"balanus",82,"ambient",27.2440476190476
"709",2019-10-20,"C",6,"balanus",0,"warm",27.2440476190476
"710",2019-10-20,"C",7,"balanus",0,"warm",27.2440476190476
"711",2019-10-20,"C",8,"balanus",0,"warm",27.2440476190476
"712",2019-10-20,"C",9,"balanus",47,"ambient",27.2440476190476
"713",2019-10-20,"C",10,"balanus",2,"warm",27.2440476190476
"714",2019-10-20,"C",11,"balanus",4,"warm",27.2440476190476
"715",2019-10-20,"C",12,"balanus",0,"warm",27.2440476190476
"716",2019-10-20,"C",13,"balanus",53,"ambient",27.2440476190476
"717",2019-10-20,"C",14,"balanus",22,"ambient",27.2440476190476
"718",2019-10-20,"C",15,"balanus",1,"ambient",27.2440476190476
"719",2019-10-20,"C",16,"balanus",73,"ambient",27.2440476190476
"720",2019-10-20,"D",1,"balanus",9,"ambient",27.2440476190476
"721",2019-10-20,"D",2,"balanus",31,"ambient",27.2440476190476
"722",2019-10-20,"D",3,"balanus",2,"warm",27.2440476190476
"723",2019-10-20,"D",4,"balanus",30,"ambient",27.2440476190476
"724",2019-10-20,"D",5,"balanus",71,"ambient",27.2440476190476
"725",2019-10-20,"D",6,"balanus",10,"ambient",27.2440476190476
"726",2019-10-20,"D",7,"balanus",0,"warm",27.2440476190476
"727",2019-10-20,"D",8,"balanus",5,"warm",27.2440476190476
"728",2019-10-20,"D",9,"balanus",0,"warm",27.2440476190476
"729",2019-10-20,"D",10,"balanus",39,"ambient",27.2440476190476
"730",2019-10-20,"D",11,"balanus",18,"ambient",27.2440476190476
"731",2019-10-20,"D",12,"balanus",0,"warm",27.2440476190476
"732",2019-10-20,"D",13,"balanus",6,"ambient",27.2440476190476
"733",2019-10-20,"D",14,"balanus",2,"warm",27.2440476190476
"734",2019-10-20,"D",15,"balanus",6,"warm",27.2440476190476
"735",2019-10-20,"D",16,"balanus",1,"warm",27.2440476190476
"736",2019-10-20,"E",1,"balanus",3,"warm",27.2440476190476
"737",2019-10-20,"E",2,"balanus",93,"ambient",27.2440476190476
"738",2019-10-20,"E",3,"balanus",1,"warm",27.2440476190476
"739",2019-10-20,"E",4,"balanus",1,"warm",27.2440476190476
"740",2019-10-20,"E",5,"balanus",121,"ambient",27.2440476190476
"741",2019-10-20,"E",6,"balanus",1,"warm",27.2440476190476
"742",2019-10-20,"E",7,"balanus",0,"warm",27.2440476190476
"743",2019-10-20,"E",8,"balanus",82,"ambient",27.2440476190476
"744",2019-10-20,"E",9,"balanus",97,"ambient",27.2440476190476
"745",2019-10-20,"E",10,"balanus",94,"ambient",27.2440476190476
"746",2019-10-20,"E",11,"balanus",4,"warm",27.2440476190476
"747",2019-10-20,"E",12,"balanus",99,"ambient",27.2440476190476
"748",2019-10-20,"E",13,"balanus",98,"ambient",27.2440476190476
"749",2019-10-20,"E",14,"balanus",66,"ambient",27.2440476190476
"750",2019-10-20,"E",15,"balanus",1,"warm",27.2440476190476
"751",2019-10-20,"E",16,"balanus",2,"warm",27.2440476190476
"752",2019-10-20,"F",1,"balanus",0,"warm",27.2440476190476
"753",2019-10-20,"F",2,"balanus",4,"warm",27.2440476190476
"754",2019-10-20,"F",3,"balanus",15,"ambient",27.2440476190476
"755",2019-10-20,"F",4,"balanus",38,"ambient",27.2440476190476
"756",2019-10-20,"F",5,"balanus",2,"warm",27.2440476190476
"757",2019-10-20,"F",6,"balanus",0,"warm",27.2440476190476
"758",2019-10-20,"F",7,"balanus",89,"ambient",27.2440476190476
"759",2019-10-20,"F",8,"balanus",9,"warm",27.2440476190476
"760",2019-10-20,"F",10,"balanus",1,"warm",27.2440476190476
"761",2019-10-20,"F",11,"balanus",12,"ambient",27.2440476190476
"762",2019-10-20,"F",12,"balanus",23,"ambient",27.2440476190476
"763",2019-10-20,"F",13,"balanus",0,"warm",27.2440476190476
"764",2019-10-20,"F",14,"balanus",4,"ambient",27.2440476190476
"765",2019-10-20,"F",15,"balanus",20,"ambient",27.2440476190476
"766",2019-10-20,"F",16,"balanus",1,"warm",27.2440476190476
