current_trt,date,amdt,se_amdt
warm,2019-04-12,19.775,0.22642002040682188
warm,2019-04-13,11.0125,0.18647153835206223
warm,2019-04-14,10.6125,0.07045525039123988
warm,2019-04-15,10.9875,0.1297031868022782
warm,2019-04-16,11.425,0.18993082411424939
warm,2019-04-17,14.1,0.14455945454184552
warm,2019-04-18,11.3125,0.038760854559127644
warm,2019-04-19,24.55,0.253058217686092
warm,2019-04-20,24.3125,0.3702422543728321
warm,2019-04-21,24.325,0.20139736203807992
warm,2019-04-22,16.375,0.09259437320225214
warm,2019-04-23,24.5875,0.24992787421112578
warm,2019-04-24,26.9,0.2280069724529921
warm,2019-04-25,21.8625,0.2649307480872148
warm,2019-04-26,23.375,0.42808083947801856
warm,2019-04-27,16.6625,0.5504623639292372
warm,2019-04-28,16.2875,0.31768770950295006
warm,2019-04-29,16.6625,0.5248282686159936
warm,2019-04-30,20.85,0.45439449707754936
warm,2019-05-01,27.0875,0.42323824138936095
warm,2019-05-02,20.0125,0.33707237866894174
warm,2019-05-03,30.8625,0.31162698568180547
warm,2019-05-04,28.1,0.263847275171423
warm,2019-05-05,28.35,0.33883283829595423
warm,2019-05-06,29.8375,0.3024406595749033
warm,2019-05-07,29.8375,0.3360724795910274
warm,2019-05-08,29.9125,0.3386850041724346
warm,2019-05-09,33.2875,0.26607757447974756
warm,2019-05-10,35.2375,0.26673927296817346
warm,2019-05-11,26.35,0.238316746778047
warm,2019-05-12,17.0875,0.12388929611676583
warm,2019-05-13,13.525,0.10276622711716839
warm,2019-05-14,12.4125,0.06671672799884444
warm,2019-05-15,24.5625,0.3023346655611956
warm,2019-05-16,21.8,0.2857738033247041
warm,2019-05-17,25.6875,0.2617051457907034
warm,2019-05-18,33.3375,0.3586779052905123
warm,2019-05-19,35.65,0.2186790177875162
warm,2019-05-20,13.725,0.07149950690165273
warm,2019-05-21,29.4375,0.26383968277180786
warm,2019-05-22,32,0.30905148521374315
warm,2019-05-23,35.525,0.2819062855740429
warm,2019-05-24,15.9125,0.09454258977863511
warm,2019-05-25,18.9375,0.19214335927327936
warm,2019-05-26,22.5625,0.23695957407032478
warm,2019-05-27,22.575,0.40173900827431575
warm,2019-05-28,15.75,0.35173562332801706
warm,2019-05-29,25.6625,0.36443999013590206
warm,2019-05-30,31.2625,0.3452922860715437
warm,2019-05-31,34.975,0.3629252589580168
warm,2019-06-01,35.25,0.28644594961577313
warm,2019-06-02,31.8875,0.28107366266897693
warm,2019-06-03,32.95,0.32512325079133947
warm,2019-06-04,33.6625,0.29165064058535195
warm,2019-06-05,24.427083333333332,0.5261321765755563
warm,2019-06-06,25.296296296296298,0.6944572558799608
warm,2019-06-07,25.76388888888889,0.36757793208407225
warm,2019-06-08,30.25,0.38704210016687757
warm,2019-06-09,27.52777777777778,0.37371177908538084
warm,2019-06-10,30.708333333333332,0.45963019987259396
warm,2019-06-11,29.694444444444443,0.4273756097586507
warm,2019-06-12,33.708333333333336,0.3833721512436791
warm,2019-06-13,33.986111111111114,0.29646469255710806
warm,2019-06-14,31.805555555555557,0.37175995934491657
warm,2019-06-15,37.888888888888886,0.3008658873766663
warm,2019-06-16,36.06944444444444,0.3194444444444445
warm,2019-06-17,34.43055555555556,0.284627839563655
warm,2019-06-18,36.40277777777778,0.4187184929840609
warm,2019-06-19,32.31944444444444,0.45432348877369205
warm,2019-06-20,36.18055555555556,0.3508226034880959
warm,2019-06-21,32.59722222222222,0.33500737047355383
warm,2019-06-22,30.916666666666668,0.3063481783024119
warm,2019-06-23,30.02777777777778,0.6681366069698562
warm,2019-06-24,27.833333333333332,0.6445744258626699
warm,2019-06-25,27.375,0.6341395244801703
warm,2019-06-26,25.680555555555557,0.7077105883734846
warm,2019-06-27,22.72222222222222,0.5402249841591004
warm,2019-06-28,28.069444444444443,0.44461182364096025
warm,2019-06-29,34.40277777777778,0.3943144766877995
warm,2019-06-30,36.90277777777778,0.3556903886209455
warm,2019-07-01,38.19444444444444,0.3696189467341095
warm,2019-07-02,17.77777777777778,0.13428890386095335
warm,2019-07-03,29.27777777777778,0.33596842045264647
warm,2019-07-04,33.94444444444444,0.33557447649798383
warm,2019-07-05,27.069444444444443,0.4102616169668581
warm,2019-07-06,29.819444444444443,0.37062408637847605
warm,2019-07-07,16.375,0.138551176723363
warm,2019-07-08,33.513888888888886,0.4293249181698542
warm,2019-07-09,21.319444444444443,0.4097777067623807
warm,2019-07-10,18.26388888888889,0.3691937328093193
warm,2019-07-11,26.041666666666668,0.73392157143381
warm,2019-07-12,34.90277777777778,0.8406392702676038
warm,2019-07-13,36.40277777777778,0.7912767070756562
warm,2019-07-14,36.791666666666664,0.7775049124532197
warm,2019-07-15,38.263888888888886,0.8398521485316913
warm,2019-07-16,37.34722222222222,0.6286226580454389
warm,2019-07-17,19.34722222222222,0.4943407685134436
warm,2019-07-18,34.013888888888886,0.7230573620769071
warm,2019-07-19,36.90277777777778,0.8791724654388867
warm,2019-07-20,35.15277777777778,0.7140371040013624
warm,2019-07-21,41.06944444444444,0.46808999684880237
warm,2019-07-22,31.875,0.7147468749411187
warm,2019-07-23,27.685714285714287,0.6466090327984281
warm,2019-07-24,21.242857142857144,0.5528275022996952
warm,2019-07-25,26.442857142857143,0.5522191398270767
warm,2019-07-26,28.914285714285715,0.6876722746068109
warm,2019-07-27,36.07142857142857,0.6639400022069858
warm,2019-07-28,33.642857142857146,0.6289819133321081
warm,2019-07-29,40.82857142857143,0.4190539851820989
warm,2019-07-30,32.1,0.39418035372213084
warm,2019-07-31,38.58571428571429,0.7863023009780713
warm,2019-08-01,34.371428571428574,0.6486388000398734
warm,2019-08-02,35.885714285714286,0.76863015613933
warm,2019-08-03,34.91428571428571,0.39133778006121683
warm,2019-08-04,37.07142857142857,0.4561175476638832
warm,2019-08-05,33.77142857142857,0.5945632028311745
warm,2019-08-06,25.942857142857143,0.3968211017507989
warm,2019-08-07,18.2,0.3933266865506855
warm,2019-08-08,25.485714285714284,0.4796206984751203
warm,2019-08-09,19.714285714285715,0.3575627783427443
warm,2019-08-10,18.3,0.22566428549484557
warm,2019-08-11,21.8,0.4256482944735422
warm,2019-08-12,36.5,0.7885738643245782
warm,2019-08-13,36.214285714285715,0.521908953345536
warm,2019-08-14,38.6,0.8490726528088742
warm,2019-08-15,36.95945945945946,0.7474627699654186
warm,2019-08-16,37.148648648648646,0.7587984577104437
warm,2019-08-17,27.45945945945946,0.4537044628737119
warm,2019-08-18,35.027027027027025,0.5668342180571762
warm,2019-08-19,31.95945945945946,0.5893761584489485
warm,2019-08-20,25.527027027027028,0.5103824251967141
warm,2019-08-21,17.66216216216216,0.18588928181948963
warm,2019-08-22,18.7972972972973,0.4990454324417149
warm,2019-08-23,14.932432432432432,0.08481157830523753
warm,2019-08-24,18.77027027027027,0.16956333535782622
warm,2019-08-25,30.243243243243242,0.8372927607924147
warm,2019-08-26,30.04054054054054,0.6050892702046606
warm,2019-08-27,33.75675675675676,0.6716093859345501
warm,2019-08-28,34.82432432432432,0.7551664435331589
warm,2019-08-29,36.45945945945946,0.7517193451453527
warm,2019-08-30,26.41891891891892,0.43776043878968424
warm,2019-08-31,31.513513513513512,0.5102134359095368
warm,2019-09-01,31.77027027027027,0.4488032947409626
warm,2019-09-02,31.81081081081081,0.5498263960765973
warm,2019-09-03,26.635135135135137,0.6054831567404163
warm,2019-09-04,19.7027027027027,0.6020047400181344
warm,2019-09-05,17.41891891891892,0.19712032871208168
warm,2019-09-06,22.054054054054053,0.36596153727637093
warm,2019-09-07,17.554054054054053,0.2240962696186081
warm,2019-09-08,20.41891891891892,0.3279483460626884
warm,2019-09-09,21.824324324324323,0.2868594942659762
warm,2019-09-10,31.06756756756757,0.8116924636007637
warm,2019-09-11,29.08108108108108,0.5522658464296886
warm,2019-09-12,19.72972972972973,0.22393776165280174
warm,2019-09-13,19.986486486486488,0.2537159912907917
warm,2019-09-14,17.04054054054054,0.14155185912135737
warm,2019-09-15,23,0.29574053232937564
warm,2019-09-16,27.83783783783784,0.5974966715746733
warm,2019-09-17,12.27027027027027,0.041529479537355356
warm,2019-09-18,15.567567567567568,0.4142552573342188
warm,2019-09-19,12.337837837837839,0.047671194793956595
warm,2019-09-20,12.175675675675675,0.04830542925569194
warm,2019-09-21,12.08108108108108,0.04116141189751591
warm,2019-09-22,13.594594594594595,0.06378289305633467
warm,2019-09-23,12.824324324324325,0.07557640421424558
warm,2019-09-24,22.39189189189189,0.40275661206768526
warm,2019-09-25,29.216216216216218,0.5346621047624114
warm,2019-09-26,27.31081081081081,0.6261180244469042
warm,2019-09-27,22.243243243243242,0.4390910031156699
warm,2019-09-28,21.716216216216218,0.4983232171306432
warm,2019-09-29,17.283783783783782,0.3256666416201802
warm,2019-09-30,23.486486486486488,0.5363955187965477
warm,2019-10-01,18.445945945945947,0.5315792465985982
warm,2019-10-02,12.472972972972974,0.16087451737323039
warm,2019-10-03,11.662162162162161,0.047671194793956595
warm,2019-10-04,11.405405405405405,0.04261461245140653
warm,2019-10-05,11.58108108108108,0.04116141189751591
warm,2019-10-06,12.864864864864865,0.08588142326548477
warm,2019-10-07,11.91891891891892,0.04549326548811747
warm,2019-10-08,12.743243243243244,0.16848292080418958
warm,2019-10-09,17.256756756756758,0.4471387269620664
warm,2019-10-10,19.31081081081081,0.5488013663398199
warm,2019-10-11,17.81081081081081,0.35848328695181947
warm,2019-10-12,15.054054054054054,0.15351705574731506
warm,2019-10-13,18.93243243243243,0.3143001676840422
warm,2019-10-14,14.58108108108108,0.11216125763953814
warm,2019-10-15,11.324324324324325,0.03978270660508039
warm,2019-10-16,11.175675675675675,0.03978270660508039
warm,2019-10-17,10.986486486486486,0.036176527937407686
warm,2019-10-18,10.72972972972973,0.041529479537355356
warm,2019-10-20,10.75,0.06786208925382961
warm,2019-10-21,10.84375,0.04729316171669314
warm,2019-10-22,11.65625,0.1923924867337935
warm,2019-10-23,11.671875,0.22180683868969445
warm,2019-10-24,11.5625,0.2150464128448074
warm,2019-10-25,13.453125,0.4721899984722866
warm,2019-10-26,12.296875,0.4600246393953333
warm,2019-10-27,13.578125,0.3300395374347766
warm,2019-10-28,11.671875,0.2371807861156113
warm,2019-10-29,10.890625,0.16609602832397888
warm,2019-10-30,9.90625,0.29821165559424073
warm,2019-10-31,9.71875,0.2578774050753324
warm,2019-11-01,9.46875,0.2943841815909403
warm,2019-11-02,10.046875,0.15120379692866565
warm,2019-11-03,10.3125,0.0625
warm,2019-11-04,10.359375,0.05605645465841527
warm,2019-11-05,10.359375,0.06038508397721645
warm,2019-11-06,10.703125,0.15368355992994803
warm,2019-11-07,10.34375,0.05696233546204301
warm,2019-11-08,10.546875,0.11743086289593493
warm,2019-11-09,10.296875,0.054344401846894715
warm,2019-11-10,11,0.17677669529663687
warm,2019-11-11,10.53125,0.19946690545292906
warm,2019-11-12,10,0.050201208056406176
warm,2019-11-13,10.140625,0.06442352540027595
warm,2019-11-14,9.875,0.07099522928088309
warm,2019-11-15,9.953125,0.04687499999999999
warm,2019-11-16,9.96875,0.03847849734675869
warm,2019-11-17,10.015625,0.04190748619511254
warm,2019-11-18,9.96875,0.03847849734675869
warm,2019-11-19,9.890625,0.06243696417962472
warm,2019-11-20,9.875,0.05499266813300748
warm,2019-11-21,9.40625,0.17739930696849754
warm,2019-11-22,9.546875,0.12966958436299147
warm,2019-11-23,9.6875,0.053834798075881804
warm,2019-11-24,10.015625,0.1040616069660412
warm,2019-11-25,9.359375,0.17993386862014862
warm,2019-11-26,9,0.2322314612900311
warm,2019-11-27,9.3125,0.053834798075881804
warm,2019-11-28,9.125,0.06735198826004057
warm,2019-11-29,8.4375,0.3583325518871198
warm,2019-11-30,8.5,0.2559769394855464
warm,2019-12-01,8.734375,0.14719209079547016
warm,2019-12-02,8.96875,0.03847849734675869
warm,2019-12-03,9.03125,0.044549152810452325
warm,2019-12-04,9.09375,0.0523514603733822
warm,2019-12-05,8.984375,0.035386510722717944
warm,2019-12-06,8.9375,0.04893008507867579
warm,2019-12-07,8.96875,0.03847849734675869
warm,2019-12-08,9.078125,0.05986112540436756
warm,2019-12-09,8.84375,0.11543549204027609
warm,2019-12-10,8.984375,0.04190748619511254
warm,2019-12-11,9.03125,0.044549152810452325
warm,2019-12-12,8.984375,0.035386510722717944
warm,2019-12-13,8.96875,0.03847849734675869
warm,2019-12-14,8.9375,0.04893008507867579
warm,2019-12-15,8.71875,0.1288470508005519
warm,2019-12-16,8.84375,0.06122695418975893
warm,2019-12-17,8.96875,0.03847849734675869
warm,2019-12-18,8.953125,0.04687499999999999
warm,2019-12-19,8.953125,0.041148916959447224
warm,2019-12-20,8.96875,0.03847849734675869
warm,2019-12-21,8.96875,0.03847849734675869
warm,2019-12-22,9.0625,0.04893008507867579
warm,2019-12-23,8.515625,0.17169161771251948
warm,2019-12-24,8.96875,0.03847849734675869
warm,2019-12-25,8.921875,0.05549163970016477
warm,2019-12-26,8.921875,0.03260664110813683
warm,2019-12-27,8.703125,0.11635287461619336
warm,2019-12-28,8.90625,0.03505108598934215
warm,2019-12-29,8.890625,0.06243696417962472
warm,2019-12-30,8.921875,0.05074731341212446
warm,2019-12-31,8.96875,0.03847849734675869
warm,2020-01-01,9.015625,0.04754229335295117
warm,2020-01-02,8.953125,0.041148916959447224
warm,2020-01-03,8.96875,0.03847849734675869
warm,2020-01-04,8.96875,0.044549152810452325
warm,2020-01-05,8.953125,0.04687499999999999
warm,2020-01-06,8.796875,0.09218280127445927
warm,2020-01-07,8.96875,0.03847849734675869
warm,2020-01-08,8.921875,0.05074731341212446
warm,2020-01-09,8.59375,0.1391895826538568
warm,2020-01-10,8.671875,0.05317241716887285
warm,2020-01-11,8.734375,0.05492101641771425
warm,2020-01-12,8.59375,0.0523514603733822
warm,2020-01-13,3.625,0.4562513809082062
warm,2020-01-23,9.185714285714285,0.04143291776679345
warm,2020-01-24,8.4,0.049365724849494176
warm,2020-01-25,8.228571428571428,0.05162427749044595
warm,2020-01-26,8.385714285714286,0.046226126183109464
warm,2020-01-27,8.214285714285714,0.04712630216070573
warm,2020-01-28,8.257142857142858,0.05565284265478469
warm,2020-01-29,8.271428571428572,0.0659222139746393
warm,2020-01-30,8.3,0.055001909821692674
warm,2020-01-31,9.142857142857142,0.1514238147342335
warm,2020-02-01,8.457142857142857,0.04750687067261368
warm,2020-02-02,7.742857142857143,0.07209770614723242
warm,2020-02-03,6.614285714285714,0.10469185332995812
warm,2020-02-04,7.257142857142857,0.05174041774407443
warm,2020-02-05,7.514285714285714,0.06313156292770739
warm,2020-02-06,7.285714285714286,0.11826070453745437
warm,2020-02-07,7.8428571428571425,0.05714285714285714
warm,2020-02-08,7.685714285714286,0.07961491954505553
warm,2020-02-09,6.728571428571429,0.16569544952350718
warm,2020-02-10,6.414285714285715,0.22778225106790173
warm,2020-02-11,7.942857142857143,0.16240243169339544
warm,2020-02-12,12.214285714285714,0.25128720242631003
warm,2020-02-13,9.4,0.20271269564284797
warm,2020-02-14,10.985714285714286,0.12210636341155297
warm,2020-02-15,9.942857142857143,0.17244098804444116
warm,2020-02-16,10.457142857142857,0.2603903247981756
warm,2020-02-17,7.728571428571429,0.0776299591924773
warm,2020-02-18,5.557142857142857,0.17486060303051937
warm,2020-02-19,4.8428571428571425,0.1530796307460262
warm,2020-02-20,5.728571428571429,0.25955914235362954
warm,2020-02-21,7.857142857142857,0.05254621243987725
warm,2020-02-22,7.042857142857143,0.11480972305951967
warm,2020-02-23,7.7,0.09873144969898835
warm,2020-02-24,8.914285714285715,0.6973797641272406
warm,2020-02-25,10.542857142857143,0.15926753108710962
warm,2020-02-26,15.657142857142857,0.3446904765290796
warm,2020-02-27,12.585714285714285,0.19819109940851
warm,2020-02-28,9.314285714285715,0.17282345668013802
warm,2020-02-29,12.528571428571428,0.2905680159769198
warm,2020-03-01,10.4,0.11000381964338535
warm,2020-03-02,7.942857142857143,0.04477501446977217
warm,2020-03-03,9.214285714285714,0.09001800540180062
warm,2020-03-04,10.771428571428572,0.22298854131058468
warm,2020-03-05,8.17142857142857,0.049969978982583214
warm,2020-03-06,7.5285714285714285,0.1762623821776739
warm,2020-03-07,7.5285714285714285,0.0938057557291831
warm,2020-03-08,7.671428571428572,0.22449088726134375
warm,2020-03-09,12.614285714285714,0.5194072713828967
warm,2020-03-10,8.514285714285714,0.11683090252118043
warm,2020-03-11,16.357142857142858,0.46043979185205997
warm,2020-03-12,12.67142857142857,0.1295481110832346
warm,2020-03-13,11.771428571428572,0.23580975912162497
warm,2020-03-14,8.307692307692308,0.1923076923076923
warm,2020-03-15,12.628571428571428,0.47780259326132885
warm,2020-03-16,14.471428571428572,0.45510311747890236
warm,2020-03-17,12.042857142857143,0.28058419591345224
warm,2020-03-18,11.2,0.2570027629580414
warm,2020-03-19,8.9,0.18425411754403961
warm,2020-03-20,9.742857142857142,0.5490141770725512
warm,2020-03-21,9.571428571428571,0.6746125116067196
warm,2020-03-22,8.928571428571429,0.25283506526605687
warm,2020-03-23,15.342857142857143,0.6865366217567751
warm,2020-03-24,13.114285714285714,0.2765982694108125
warm,2020-03-25,20.928571428571427,0.5546377639682389
warm,2020-03-26,13.342857142857143,0.24492446835316237
warm,2020-03-27,13.7,0.17656860023298393
warm,2020-03-28,10.9,0.11189731186834358
warm,2020-03-29,22.2,0.4733218919988575
warm,2020-03-30,13.3,0.2010476761050147
warm,2020-03-31,18.457142857142856,0.3217412111663427
warm,2020-04-01,19.728571428571428,0.5022398808927699
warm,2020-04-02,12.285714285714286,0.1915063180888484
warm,2020-04-03,12.214285714285714,0.22199034187269026
warm,2020-04-04,9.294117647058824,0.23423334863478867
warm,2020-04-05,9.25,0.46836176733166335
warm,2020-04-06,22.705882352941178,0.4625539651798215
warm,2020-04-07,27.264705882352942,0.5244619066207551
warm,2020-04-08,24.636363636363637,0.5122887255171745
warm,2020-04-09,28.484848484848484,0.4694678082220773
warm,2020-04-10,29.59090909090909,0.3171655849307469
warm,2020-04-11,27.318181818181817,0.526665010284385
warm,2020-04-12,28,0.5023618459262449
warm,2020-04-13,28.060606060606062,0.33833201020246373
warm,2020-04-14,26.393939393939394,0.42236122415900657
warm,2020-04-15,23.242424242424242,0.3731781579318276
warm,2020-04-16,23.62121212121212,0.914174548760503
warm,2020-04-17,15.757575757575758,0.464212233965729
warm,2020-04-18,20.545454545454547,1.0186154717747238
warm,2020-04-19,25,0.5686740292251365
warm,2020-04-20,26.78787878787879,0.3569058310929311
warm,2020-04-21,23.227272727272727,0.40539152248336097
warm,2020-04-22,13.575757575757576,0.10234284913716891
warm,2020-04-23,26.71212121212121,0.363478501087732
warm,2020-04-24,20.757575757575758,0.1809083929736296
warm,2020-04-25,27.03030303030303,0.40001147825588135
warm,2020-04-26,23.893939393939394,0.24108888849953886
warm,2020-04-27,25.454545454545453,0.306467251608618
warm,2020-04-28,17.606060606060606,0.15502562067940245
warm,2020-04-29,22.87878787878788,0.200650343002258
warm,2020-04-30,23.196969696969695,0.2836612913158948
warm,2020-05-01,25.393939393939394,0.4691009170101475
warm,2020-05-02,13.257575757575758,0.15709425267672517
warm,2020-05-03,15.712121212121213,0.7213696670297137
warm,2020-05-04,17.545454545454547,0.3401506715249038
warm,2020-05-05,28.863636363636363,0.4612199358235742
warm,2020-05-06,32.07575757575758,0.2879535389393489
warm,2020-05-07,28.560606060606062,0.4736211924905017
warm,2020-05-08,35.81818181818182,0.4666014810829047
warm,2020-05-09,33.833333333333336,0.4172344616155238
warm,2020-05-10,34.878787878787875,0.401247051715723
warm,2020-05-11,30.272727272727273,0.3392637060738345
warm,2020-05-12,27.363636363636363,0.3720036397523292
warm,2020-05-13,29.606060606060606,0.3658981113855588
warm,2020-05-14,26.196969696969695,0.4346167949976522
warm,2020-05-15,21.09090909090909,0.5511070751355519
warm,2020-05-16,14.545454545454545,0.15288209144401946
warm,2020-05-17,17.545454545454547,0.49732410681328415
warm,2020-05-18,30.666666666666668,0.4844488172817192
warm,2020-05-19,32.68181818181818,0.40987929083798713
warm,2020-05-20,25.136363636363637,0.44128381452153637
warm,2020-05-21,26.40909090909091,0.28325634993696847
warm,2020-05-22,29.12121212121212,0.30698181195992136
warm,2020-05-23,31.666666666666668,0.3533301171951971
warm,2020-05-24,31.818181818181817,0.30604560419279025
warm,2020-05-25,23.727272727272727,0.30314865113207345
warm,2020-05-26,33.71212121212121,0.3278649243694303
warm,2020-05-27,33.121212121212125,0.4213919389446478
warm,2020-05-28,31.181818181818183,0.3915648129681994
warm,2020-05-29,33.31818181818182,0.355435460233197
warm,2020-05-30,14.409090909090908,0.14344012294516278
warm,2020-05-31,22.166666666666668,0.7222343627573219
warm,2020-06-01,33.07575757575758,0.47129798009565094
warm,2020-06-02,14.984848484848484,0.09605092676595428
warm,2020-06-03,35.75757575757576,0.34137173994066844
warm,2020-06-04,29.185714285714287,0.32993869705981294
warm,2020-06-05,33,0.6952217871538071
warm,2020-06-06,33.78333333333333,0.3029389883315467
warm,2020-06-07,36.43333333333333,0.2894041970532401
warm,2020-06-08,29.616666666666667,0.3601431175714727
warm,2020-06-09,17.8,0.11646123127807209
warm,2020-06-10,34.35,0.2538779686946186
warm,2020-06-11,31.2,0.33784305680964166
warm,2020-06-12,25.366666666666667,0.41794058130542394
warm,2020-06-13,22.866666666666667,0.6427908498324727
warm,2020-06-14,17.15,0.2807522735089776
warm,2020-06-15,14.7,0.15085960589122316
warm,2020-06-16,30.1,0.4436007317345208
warm,2020-06-17,36.483333333333334,0.3343232427626608
warm,2020-06-18,39.983333333333334,0.29505827724905476
warm,2020-06-19,32.983333333333334,0.24738091682193847
warm,2020-06-20,21.2,0.17875688235283627
warm,2020-06-21,36.53333333333333,0.3571384783530144
warm,2020-06-22,37.56666666666667,0.2612231764080674
warm,2020-06-23,32.18333333333333,0.3615764758563813
warm,2020-06-24,32.81666666666667,0.38318337896587945
warm,2020-06-25,39.38333333333333,0.312280574304779
warm,2020-06-26,28.5,0.5387298813482239
warm,2020-06-27,29.616666666666667,0.4398819939283438
warm,2020-06-28,28.75,0.5423183524483557
warm,2020-06-29,26.933333333333334,0.6110727957337192
warm,2020-06-30,25.333333333333332,0.3210375898545478
warm,2020-07-01,17.4,0.15237582093166127
warm,2020-07-02,26.766666666666666,0.2792985192142075
warm,2020-07-03,18.366666666666667,0.15337830424984947
warm,2020-07-04,37.18333333333333,0.27593449719688007
warm,2020-07-05,39.81666666666667,0.317572811212572
warm,2020-07-06,35.71666666666667,0.29719312708956114
warm,2020-07-07,29.366666666666667,0.2502106392315769
warm,2020-07-08,34.7,0.3131229423269625
warm,2020-07-09,31.9,0.30644419716648497
warm,2020-07-10,31.483333333333334,0.5031414721489061
warm,2020-07-11,18.466666666666665,0.3115896702481711
warm,2020-07-12,28.683333333333334,0.7097366086372089
warm,2020-07-13,28.366666666666667,0.5763207387121617
warm,2020-07-14,30.724137931034484,0.5360100536796488
warm,2020-07-15,35.06896551724138,0.6310539984599669
warm,2020-07-16,27.551724137931036,0.3598925910394694
warm,2020-07-17,33.58620689655172,0.7555496504752529
warm,2020-07-18,34.3448275862069,0.8397100456473049
warm,2020-07-19,32.189655172413794,0.5863879755096624
warm,2020-07-20,38.58620689655172,0.9066900249957935
warm,2020-07-21,38.172413793103445,0.8756685911745152
warm,2020-07-22,34.53448275862069,0.5652776435847026
warm,2020-07-23,32.258620689655174,0.6977359099501568
warm,2020-07-24,31.896551724137932,0.5879429523660972
warm,2020-07-25,36.310344827586206,0.7081569923418225
warm,2020-07-26,31.46551724137931,0.7135782975612888
warm,2020-07-27,27.655172413793103,0.8919810548101956
warm,2020-07-28,27.448275862068964,0.662760696725833
warm,2020-07-29,33.86206896551724,0.641300514255079
warm,2020-07-30,33.775862068965516,0.8644548265258214
warm,2020-07-31,26.70689655172414,0.43444463825264534
warm,2020-08-01,35.775862068965516,0.7134295021184298
warm,2020-08-02,34.758620689655174,0.8284580793235918
warm,2020-08-03,33.53448275862069,0.7636004271647775
warm,2020-08-04,39.793103448275865,0.8228260061017211
warm,2020-08-05,35.1551724137931,0.6428382686016233
warm,2020-08-06,32.94827586206897,0.6618309557816978
warm,2020-08-07,24.948275862068964,0.36751129099156266
warm,2020-08-08,30.79310344827586,0.5562659425840177
warm,2020-08-09,29.25862068965517,0.5149373973471751
warm,2020-08-10,24.32758620689655,0.6120082534240983
warm,2020-08-11,24.155172413793103,0.44466144222253234
warm,2020-08-12,26.70689655172414,0.7938794661412142
warm,2020-08-13,30.655172413793103,0.6253587385605192
warm,2020-08-14,35.392857142857146,0.2821369967913244
warm,2020-08-15,33.964285714285715,0.424862700689159
warm,2020-08-16,38.767857142857146,0.4221716836324687
warm,2020-08-17,37.375,0.23517555077545726
warm,2020-08-18,36.875,0.2680334516752176
warm,2020-08-19,29.03125,0.2977888100705361
warm,2020-08-20,24.982758620689655,0.18316248711899713
warm,2020-08-21,25,0.3970333335883722
warm,2020-08-22,34.39655172413793,0.3708757695229345
warm,2020-08-23,24.086206896551722,0.3357487088814233
warm,2020-08-24,23.448275862068964,0.884438825861356
warm,2020-08-25,18.43103448275862,0.41650384679019603
warm,2020-08-26,23.724137931034484,0.3800653033210439
warm,2020-08-27,27.93103448275862,0.3952645634011304
warm,2020-08-28,29.310344827586206,0.365047565143769
warm,2020-08-29,28.160714285714285,0.3762576542389454
warm,2020-08-30,31.428571428571427,0.33895486514385115
warm,2020-08-31,28.357142857142858,0.4408514060396144
warm,2020-09-01,35,0.4241393401869012
warm,2020-09-02,31.642857142857142,0.3743222648658517
warm,2020-09-03,30.535714285714285,0.48790162633113693
warm,2020-09-04,28.785714285714285,0.4134227465282223
warm,2020-09-05,28.446428571428573,0.4085230250308392
warm,2020-09-06,25.785714285714285,0.4020685365552489
warm,2020-09-07,22.303571428571427,0.6911856645120098
warm,2020-09-08,15.642857142857142,0.4810270254820846
warm,2020-09-09,16.892857142857142,0.21875843575139237
warm,2020-09-10,21.660714285714285,0.35078669281327546
warm,2020-09-11,21.321428571428573,0.28430538869996774
warm,2020-09-12,15.160714285714286,0.09291563074577854
warm,2020-09-13,14.946428571428571,0.11879934428510082
warm,2020-09-14,19.955882352941178,0.4374246291373478
warm,2020-09-15,25.75,0.5702137127085944
warm,2020-09-16,23.883333333333333,0.28129762261779157
warm,2020-09-17,24.61764705882353,0.3280104121058156
warm,2020-09-18,18.264705882352942,0.32685457016018926
warm,2020-09-19,20.470588235294116,0.4122895814375349
warm,2020-09-20,23.41176470588235,0.7624400821656306
warm,2020-09-21,14,0.6572558817672514
warm,2020-09-22,12.029411764705882,0.11718659890080314
warm,2020-09-23,12.735294117647058,0.09699195557553617
warm,2020-09-24,12.264705882352942,0.09699195557553617
warm,2020-09-25,12.117647058823529,0.1008184500058977
warm,2020-09-26,11.911764705882353,0.08823529411764705
warm,2020-09-27,23.823529411764707,0.7548144206946376
warm,2020-09-28,26.823529411764707,0.6925830493715657
warm,2020-09-29,27.647058823529413,0.6456368064269173
warm,2020-09-30,27.529411764705884,0.638055680879901
warm,2020-10-01,25.441176470588236,0.5196194042369044
warm,2020-10-02,23.558823529411764,0.42849418483333723
warm,2020-10-03,16.58823529411765,0.47402239592018225
warm,2020-10-04,14.235294117647058,0.5374190210182825
warm,2020-10-05,13.823529411764707,0.5719246024302957
warm,2020-10-06,11.029411764705882,0.31643286457867664
warm,2020-10-07,12.147058823529411,0.15318137247058572
warm,2020-10-08,12.264705882352942,0.0870011732808767
warm,2020-10-09,12.088235294117647,0.08823529411764705
warm,2020-10-10,11.970588235294118,0.07987338596470747
warm,2020-10-11,11.5,0.09587062360592132
warm,2020-10-12,20.41176470588235,0.5149159235297529
warm,2020-10-13,13.558823529411764,0.4198265418711823
warm,2020-10-14,18.470588235294116,0.5531836139354125
warm,2020-10-15,19.08823529411765,0.35416454643506756
warm,2020-10-16,13.588235294117647,0.46224216604416796
warm,2020-10-17,13.852941176470589,0.22181034013232875
warm,2020-10-18,11.588235294117647,0.19757395356682947
warm,2020-10-19,10.588235294117647,0.17275500183045192
warm,2020-10-20,8.882352941176471,0.3107433324869917
warm,2020-10-21,8.911764705882353,0.3694075496200138
warm,2020-10-22,6.9411764705882355,0.42849418483333723
warm,2020-10-23,9.470588235294118,0.42111238421401037
warm,2020-10-24,9.911764705882353,0.25086356042988206
warm,2020-10-25,10.117647058823529,0.06818837129040958
warm,2020-10-26,8.941176470588236,0.37837295089025313
warm,2020-10-27,10.470588235294118,0.12478354962115545
warm,2020-10-28,12.323529411764707,0.5053776552188112
warm,2020-10-29,12,0.4414215005824598
warm,2020-10-30,12.5,0.5704100692123374
warm,2020-10-31,13.176470588235293,0.4636436108951308
warm,2020-11-01,8.676470588235293,0.6751105253610605
warm,2020-11-02,9.588235294117647,0.25086356042988206
warm,2020-11-03,10.911764705882353,0.07711829765956997
warm,2020-11-04,11.117647058823529,0.1008184500058977
warm,2020-11-05,10.705882352941176,0.14257881933577438
warm,2020-11-06,8.470588235294118,0.4055465362687552
warm,2020-11-07,9.735294117647058,0.10604562574894086
warm,2020-11-08,8.588235294117647,0.4642262975783705
warm,2020-11-09,9.676470588235293,0.09530501027070383
warm,2020-11-10,9.529411764705882,0.10028074777195482
warm,2020-11-11,8.294117647058824,0.287799791040896
warm,2020-11-12,9.529411764705882,0.09065314710248494
warm,2020-11-13,9.705882352941176,0.08637750091522596
warm,2020-11-14,9.5,0.09587062360592132
warm,2020-11-15,9.529411764705882,0.10028074777195482
warm,2020-11-16,8.970588235294118,0.18426417773737744
warm,2020-11-17,8.882352941176471,0.13912417594429782
warm,2020-11-18,9.147058823529411,0.1339769643991809
warm,2020-11-19,8.441176470588236,0.21386822900366156
warm,2020-11-20,8.411764705882353,0.21960565475100116
warm,2020-11-21,7.294117647058823,0.35370627855310866
warm,2020-11-22,7.617647058823529,0.4034078448336824
warm,2020-11-23,8.941176470588236,0.16540032175297048
warm,2020-11-24,9.382352941176471,0.08054743492723031
warm,2020-11-25,9.382352941176471,0.09124760033816806
warm,2020-11-26,8.852941176470589,0.1269314448649417
warm,2020-11-27,9.294117647058824,0.09643291947502941
warm,2020-11-28,7.588235294117647,0.45421897680825
warm,2020-11-29,7.382352941176471,0.1989374890951277
warm,2020-11-30,7.911764705882353,0.31282422626739187
warm,2020-12-01,5.323529411764706,0.14181839354401404
warm,2020-12-02,5.470588235294118,0.21209125149788172
warm,2020-12-03,7.911764705882353,0.2915327588470442
warm,2020-12-04,7.794117647058823,0.24651550903294425
warm,2020-12-05,7.323529411764706,0.296862194679211
warm,2020-12-06,8.911764705882353,0.11532637603939795
warm,2020-12-07,9.205882352941176,0.08637750091522596
warm,2020-12-08,9.352941176470589,0.0831890330807703
warm,2020-12-09,8.294117647058824,0.1359797206537274
warm,2020-12-10,8.058823529411764,0.2495670992423109
warm,2020-12-11,7.5,0.38107819176029234
warm,2020-12-12,4.970588235294118,0.11718659890080314
warm,2020-12-13,7.5588235294117645,0.20952657130551483
warm,2020-12-14,8.205882352941176,0.1663780661615406
warm,2020-12-15,8.735294117647058,0.09699195557553617
warm,2020-12-16,8.941176470588236,0.07279040394567401
warm,2020-12-17,8.294117647058824,0.2058823529411765
warm,2020-12-18,8.911764705882353,0.07711829765956997
warm,2020-12-19,8.970588235294118,0.09065314710248494
warm,2020-12-20,8.735294117647058,0.10604562574894086
warm,2020-12-21,8.5,0.12126781251816648
warm,2020-12-22,6.264705882352941,0.45600093334451924
warm,2020-12-23,4.147058823529412,0.14067004757138965
warm,2020-12-24,5.617647058823529,0.3166036785531028
warm,2020-12-25,7.470588235294118,0.18426417773737744
warm,2020-12-26,8.382352941176471,0.08054743492723031
warm,2020-12-27,8.147058823529411,0.11947115300935236
warm,2020-12-28,7.235294117647059,0.3351844505894553
warm,2020-12-29,7.529411764705882,0.28591503081211145
warm,2020-12-30,8.470588235294118,0.09065314710248494
warm,2020-12-31,8.294117647058824,0.06151911959809379
warm,2021-01-01,8.5,0.10502100630210073
warm,2021-01-02,8.588235294117647,0.08823529411764705
warm,2021-01-03,8.382352941176471,0.11764705882352941
warm,2021-01-04,8.588235294117647,0.09810047105975246
warm,2021-01-05,8.529411764705882,0.09065314710248494
warm,2021-01-06,8.676470588235293,0.08511644781463401
warm,2021-01-07,8.294117647058824,0.12904359393223708
warm,2021-01-08,6.647058823529412,0.41516453569097367
warm,2021-01-09,6.735294117647059,0.19702589716138622
warm,2021-01-10,8.294117647058824,0.12904359393223708
warm,2021-01-11,8.558823529411764,0.09473602004944945
warm,2021-01-12,9.970588235294118,0.07987338596470747
warm,2021-01-13,8.294117647058824,0.3266891160518098
warm,2021-01-14,7.705882352941177,0.227109488404125
warm,2021-01-15,8,0.10502100630210073
warm,2021-01-16,7.5588235294117645,0.10398629135096288
warm,2021-01-17,7.676470588235294,0.3119588740528886
warm,2021-01-18,6.676470588235294,0.19620094211950492
warm,2021-01-19,7.911764705882353,0.137167339016012
warm,2021-01-20,7.911764705882353,0.08823529411764705
warm,2021-01-21,7.529411764705882,0.20771245429155197
warm,2021-01-22,4.117647058823529,0.29245855590222564
warm,2021-01-23,6,0.30618621784789724
warm,2021-01-24,7.588235294117647,0.14371191386538282
warm,2021-01-25,6.882352941176471,0.1743127881048485
warm,2021-01-26,7.617647058823529,0.1008184500058977
warm,2021-01-27,7.323529411764706,0.2937497699329144
warm,2021-01-28,6.529411764705882,0.3334054131986657
warm,2021-01-29,7.970588235294118,0.12478354962115545
warm,2021-01-30,8.264705882352942,0.10604562574894086
warm,2021-01-31,8.264705882352942,0.10604562574894086
warm,2021-02-01,8.117647058823529,0.14558080789134803
warm,2021-02-02,8.470588235294118,0.09065314710248494
warm,2021-02-03,9.029411764705882,0.19866553067803377
warm,2021-02-04,8.147058823529411,0.11947115300935236
warm,2021-02-05,9.029411764705882,0.11718659890080314
warm,2021-02-06,8.147058823529411,0.18572545500463364
warm,2021-02-07,6.470588235294118,0.3573559670653784
warm,2021-02-08,5.823529411764706,0.5302281287447044
warm,2021-02-09,5.5,0.5337850415553393
warm,2021-02-10,5.382352941176471,0.6933632490662519
warm,2021-02-11,7.205882352941177,0.14888571125968078
warm,2021-02-12,5.470588235294118,0.5791579019857417
warm,2021-02-13,7.294117647058823,0.10553455951770091
warm,2021-02-14,6.382352941176471,0.33080064350594096
warm,2021-02-15,7.676470588235294,0.09530501027070383
warm,2021-02-16,10.970588235294118,0.32218973970892123
warm,2021-02-17,11.235294117647058,0.42685074334411743
warm,2021-02-18,7.382352941176471,0.08054743492723031
warm,2021-02-19,9.058823529411764,0.20509302472031402
warm,2021-02-20,7.705882352941177,0.18717532443173318
warm,2021-02-21,9.647058823529411,0.14705882352941177
warm,2021-02-22,7.735294117647059,0.2879875886406785
warm,2021-02-23,6.176470588235294,0.3507900129963695
warm,2021-02-24,6.235294117647059,0.22734742402559274
warm,2021-02-25,6.911764705882353,0.20217245713040471
rock,2019-04-12,24.375,2.7716947282604316
rock,2019-04-13,13.875,0.7180703308172536
rock,2019-04-14,11.625,0.125
rock,2019-04-15,12.5,0.3535533905932738
rock,2019-04-16,12.75,0.5951190357119042
rock,2019-04-17,15.75,0.7216878364870323
rock,2019-04-18,11.75,0.14433756729740643
rock,2019-04-19,23.375,1.125
rock,2019-04-20,27,2.327373340628157
rock,2019-04-21,26.875,1.4772581584363196
rock,2019-04-22,15.875,0.23935677693908453
rock,2019-04-23,25.125,1.8638557705287535
rock,2019-04-24,26.75,1.963203164898291
rock,2019-04-25,22.875,1.6121285101794254
rock,2019-04-26,25.375,1.9080421903092184
rock,2019-04-27,19.875,2.478028450199876
rock,2019-04-28,18.625,1.3287682265918312
rock,2019-04-29,19.125,0.9437293044088437
rock,2019-04-30,22.75,1.1989578808281798
rock,2019-05-01,26.75,1.1273124382057236
rock,2019-05-02,23.25,1.050793351076541
rock,2019-05-03,31.5,1.9685019685029528
rock,2019-05-04,29.5,1.5138251770487459
rock,2019-05-05,30,2.101586702153082
rock,2019-05-06,31.75,1.9311050377094112
rock,2019-05-07,31.875,2.0953818267800264
rock,2019-05-08,31.875,2.0953818267800264
rock,2019-05-09,32.375,1.505199322349037
rock,2019-05-10,33,1.9685019685029528
rock,2019-05-11,27.25,1.479019945774904
rock,2019-05-12,18.625,0.5153882032022076
rock,2019-05-13,15.5,0.5
rock,2019-05-14,12.5,0.2041241452319315
rock,2019-05-15,27,1.5138251770487459
rock,2019-05-16,23.5,1.0606601717798212
rock,2019-05-17,27.625,0.42695628191498325
rock,2019-05-18,33.25,1.713913650100261
rock,2019-05-19,35.375,1.505199322349037
rock,2019-05-20,14.625,0.23935677693908453
rock,2019-05-21,29.875,1.625
rock,2019-05-22,33.625,1.9297560294849019
rock,2019-05-23,34.75,1.8540496217739157
rock,2019-05-24,16.125,0.125
rock,2019-05-25,20.625,1.0077822185373186
rock,2019-05-26,23.75,0.9682458365518543
rock,2019-05-27,24.875,1.231107225224513
rock,2019-05-28,16.875,0.7180703308172536
rock,2019-05-29,26.625,0.875
rock,2019-05-30,32.25,1.3768926368215255
rock,2019-05-31,35.875,1.143368561167687
rock,2019-06-01,35.875,1.2970318680227817
rock,2019-06-02,34.375,0.8508574106942557
rock,2019-06-03,35,1.567907310185565
rock,2019-06-04,34.25,1.3616778865306827
rock,2019-06-05,27.75,1.1273124382057236
rock,2019-06-06,16.6,2.5661254840712675
rock,2019-06-07,26.3,0.8455767262643882
rock,2019-06-08,32.2,1.1247221879201992
rock,2019-06-09,27.7,0.9300537618869137
rock,2019-06-10,30.6,1.4781745499094483
rock,2019-06-11,32.1,1.3266499161421599
rock,2019-06-12,35.4,1.0653637876331257
rock,2019-06-13,35.3,0.8602325267042626
rock,2019-06-14,31.9,0.7810249675906654
rock,2019-06-15,38.4,1.0173494974687902
rock,2019-06-16,36.5,1.08397416943394
rock,2019-06-17,36.1,0.9669539802906858
rock,2019-06-18,37.6,1.1874342087037917
rock,2019-06-19,34.1,1.176860229593982
rock,2019-06-20,35.8,1.0677078252031311
rock,2019-06-21,33.9,0.8717797887081347
rock,2019-06-22,31.4,0.8999999999999999
rock,2019-06-23,32.1,1.2389511693363866
rock,2019-06-24,30.5,1.3322912594474228
rock,2019-06-25,30.5,1.3322912594474228
rock,2019-06-26,29.5,1.6124515496597098
rock,2019-06-27,27.9,0.6964194138592059
rock,2019-06-28,30,0.8514693182963201
rock,2019-06-29,35.9,1.0770329614269007
rock,2019-06-30,37.9,1.0173494974687902
rock,2019-07-01,38.8,1.0319883720275145
rock,2019-07-02,18.3,0.25495097567963926
rock,2019-07-03,29.2,0.6633249580710799
rock,2019-07-04,33.1,0.9669539802906858
rock,2019-07-05,28,0.6519202405202649
rock,2019-07-06,30.1,0.8276472678623424
rock,2019-07-07,17.1,0.33166247903553997
rock,2019-07-08,31.6,1.0295630140987
rock,2019-07-09,22.9,0.7968688725254613
rock,2019-07-10,18.4,1.176860229593982
rock,2019-07-11,29.7,0.7176350047203661
rock,2019-07-12,33.4,1.3638181696985856
rock,2019-07-13,35,1.2549900398011133
rock,2019-07-14,36.7,0.9695359714832658
rock,2019-07-15,36.8,1.0319883720275145
rock,2019-07-16,36.5,1.0723805294763606
rock,2019-07-17,20.2,0.3741657386773941
rock,2019-07-18,34.5,1.1291589790636214
rock,2019-07-19,36.1,1.1335784048754634
rock,2019-07-20,34.2,1.1575836902790224
rock,2019-07-21,36.6,1.345362404707371
rock,2019-07-22,32.6,1.0295630140987
rock,2019-07-23,28.4,1.298075498574717
rock,2019-07-24,23.3,1.8275666882497066
rock,2019-07-25,28.7,1.7219175357722563
rock,2019-07-26,32.9,1.004987562112089
rock,2019-07-27,34.7,1.2103718436910205
rock,2019-07-28,34.3,1.1895377253370318
rock,2019-07-29,37.8,1.0559356040971437
rock,2019-07-30,31.7,0.7516648189186453
rock,2019-07-31,35,1.036822067666386
rock,2019-08-01,32.8,0.6442049363362562
rock,2019-08-02,35.4,1.1113055385446433
rock,2019-08-03,33.9,1.1113055385446433
rock,2019-08-04,35.3,1.2103718436910205
rock,2019-08-05,32.6,1.298075498574717
rock,2019-08-06,28.4,1.2288205727444508
rock,2019-08-07,19.3,1.554027026792005
rock,2019-08-08,26.7,1.2103718436910205
rock,2019-08-09,22,0.47434164902525683
rock,2019-08-10,19.4,0.291547594742265
rock,2019-08-11,25.1,1.7846568297574747
rock,2019-08-12,33.6,0.8573214099741123
rock,2019-08-13,33.6,0.8717797887081347
rock,2019-08-14,35,1.1902380714238086
rock,2019-08-15,36.75,0.8241156876717411
rock,2019-08-16,34.666666666666664,0.7490735018081411
rock,2019-08-17,25.916666666666668,0.35158371849548314
rock,2019-08-18,32,0.8563488385776754
rock,2019-08-19,30.666666666666668,0.9098229375970789
rock,2019-08-20,26.916666666666668,0.6759766596891084
rock,2019-08-21,17.916666666666668,0.5387743291748205
rock,2019-08-22,18.666666666666668,1.636391694484477
rock,2019-08-23,14.583333333333334,0.23863035105460592
rock,2019-08-24,19.916666666666668,0.6112373606964083
rock,2019-08-25,28.916666666666668,1.1359039474259158
rock,2019-08-26,29.166666666666668,0.9457507306074072
rock,2019-08-27,32.583333333333336,0.6635343079131462
rock,2019-08-28,34.166666666666664,0.6146362971528592
rock,2019-08-29,33.666666666666664,0.7490735018081411
rock,2019-08-30,23.75,0.21408720964441885
rock,2019-08-31,27.833333333333332,0.380058475033046
rock,2019-09-01,27.916666666666668,0.5068968775248517
rock,2019-09-02,29.166666666666668,0.7490735018081411
rock,2019-09-03,25.916666666666668,0.8700255424092126
rock,2019-09-04,20,1.4832396974191326
rock,2019-09-05,18.416666666666668,0.9346716595206636
rock,2019-09-06,22.416666666666668,1.0986102331784664
rock,2019-09-07,17.166666666666668,0.6009252125773316
rock,2019-09-08,21.166666666666668,0.7378647873726218
rock,2019-09-09,22.333333333333332,0.510990323891863
rock,2019-09-10,29.083333333333332,0.830829572040968
rock,2019-09-11,26.083333333333332,0.6247221604663771
rock,2019-09-12,18.833333333333332,0.16666666666666669
rock,2019-09-13,18.833333333333332,0.2472066162365221
rock,2019-09-14,17.083333333333332,0.1536590742882148
rock,2019-09-15,24.083333333333332,0.597448277631164
rock,2019-09-16,25.333333333333332,0.6146362971528592
rock,2019-09-17,12.166666666666666,0.10540925533894598
rock,2019-09-18,16,1.3662601021279466
rock,2019-09-19,12.166666666666666,0.16666666666666669
rock,2019-09-20,12.166666666666666,0.10540925533894598
rock,2019-09-21,12,0.12909944487358058
rock,2019-09-22,13.166666666666666,0.10540925533894598
rock,2019-09-23,12.666666666666666,0.16666666666666669
rock,2019-09-24,21.75,0.6422616289332566
rock,2019-09-25,25.666666666666668,0.726483157256779
rock,2019-09-26,24.916666666666668,0.7790663928346829
rock,2019-09-27,20.916666666666668,0.4728753653037036
rock,2019-09-28,22.25,0.5439056290693574
rock,2019-09-29,17.916666666666668,0.5688682721958671
rock,2019-09-30,22.083333333333332,0.5540256712864887
rock,2019-10-01,18.833333333333332,0.9972183534434395
rock,2019-10-02,12.25,0.35939764421413045
rock,2019-10-03,11.583333333333334,0.08333333333333334
rock,2019-10-04,11.166666666666666,0.10540925533894598
rock,2019-10-05,11.333333333333334,0.16666666666666669
rock,2019-10-06,12.75,0.11180339887498948
rock,2019-10-07,11.833333333333334,0.10540925533894598
rock,2019-10-08,13.25,0.2813657169355689
rock,2019-10-09,17.5,0.7187952884282609
rock,2019-10-10,18.666666666666668,0.8432740427115678
rock,2019-10-11,18.666666666666668,0.6666666666666667
rock,2019-10-12,16,0.25819888974716115
rock,2019-10-13,20.166666666666668,0.6540472290116196
rock,2019-10-14,14.666666666666666,0.21081851067789195
rock,2019-10-15,11.166666666666666,0.10540925533894598
rock,2019-10-16,11.083333333333334,0.1536590742882148
rock,2019-10-17,11,0.12909944487358058
rock,2019-10-18,10.416666666666666,0.1536590742882148
rock,2019-10-20,10.6,0.09999999999999999
rock,2019-10-21,10.833333333333334,0.10540925533894598
rock,2019-10-22,11.583333333333334,0.3004626062886658
rock,2019-10-23,11.833333333333334,0.6146362971528592
rock,2019-10-24,11.416666666666666,0.4362084109434134
rock,2019-10-25,13.833333333333334,1.0055402085998906
rock,2019-10-26,12.75,1.1884864324004714
rock,2019-10-27,14.666666666666666,0.7817359599705717
rock,2019-10-28,12.416666666666666,0.768295371441074
rock,2019-10-29,10.833333333333334,0.4216370213557839
rock,2019-10-30,9.5,0.5477225575051662
rock,2019-10-31,9.666666666666666,0.4594682917363408
rock,2019-11-01,9.666666666666666,0.5270462766947299
rock,2019-11-02,9.75,0.3354101966249685
rock,2019-11-03,10.166666666666666,0.16666666666666669
rock,2019-11-04,10.25,0.11180339887498948
rock,2019-11-05,10.416666666666666,0.08333333333333334
rock,2019-11-06,10.583333333333334,0.1536590742882148
rock,2019-11-07,10.166666666666666,0.10540925533894598
rock,2019-11-08,10.333333333333334,0.16666666666666669
rock,2019-11-09,10.166666666666666,0.10540925533894598
rock,2019-11-10,10.666666666666666,0.3073181485764296
rock,2019-11-11,10.333333333333334,0.27888667551135854
rock,2019-11-12,10.083333333333334,0.08333333333333334
rock,2019-11-13,10.083333333333334,0.08333333333333334
rock,2019-11-14,9.833333333333334,0.21081851067789195
rock,2019-11-15,9.916666666666666,0.08333333333333334
rock,2019-11-16,10.083333333333334,0.08333333333333334
rock,2019-11-17,10.083333333333334,0.08333333333333334
rock,2019-11-18,10.083333333333334,0.08333333333333334
rock,2019-11-19,9.75,0.17078251276599332
rock,2019-11-20,9.666666666666666,0.2472066162365221
rock,2019-11-21,9.416666666666666,0.3004626062886658
rock,2019-11-22,9.333333333333334,0.27888667551135854
rock,2019-11-23,9.666666666666666,0.10540925533894598
rock,2019-11-24,9.833333333333334,0.16666666666666669
rock,2019-11-25,9,0.5163977794943223
rock,2019-11-26,8.5,0.632455532033676
rock,2019-11-27,9.25,0.11180339887498948
rock,2019-11-28,8.833333333333334,0.21081851067789195
rock,2019-11-29,8.416666666666666,0.6881940940687526
rock,2019-11-30,7.916666666666667,0.6881940940687526
rock,2019-12-01,8.5,0.34156502553198664
rock,2019-12-02,9,0
rock,2019-12-03,9.166666666666666,0.10540925533894598
rock,2019-12-04,9.166666666666666,0.10540925533894598
rock,2019-12-05,8.916666666666666,0.08333333333333334
rock,2019-12-06,9,0.12909944487358058
rock,2019-12-07,9.083333333333334,0.08333333333333334
rock,2019-12-08,9.083333333333334,0.1536590742882148
rock,2019-12-09,8.583333333333334,0.35158371849548314
rock,2019-12-10,9.083333333333334,0.08333333333333334
rock,2019-12-11,9.166666666666666,0.10540925533894598
rock,2019-12-12,9.083333333333334,0.08333333333333334
rock,2019-12-13,9.083333333333334,0.08333333333333334
rock,2019-12-14,9,0
rock,2019-12-15,8.5,0.316227766016838
rock,2019-12-16,9,0.12909944487358058
rock,2019-12-17,9,0
rock,2019-12-18,9,0.12909944487358058
rock,2019-12-19,9,0
rock,2019-12-20,9.083333333333334,0.08333333333333334
rock,2019-12-21,9.083333333333334,0.08333333333333334
rock,2019-12-22,9,0.12909944487358058
rock,2019-12-23,8.666666666666666,0.2472066162365221
rock,2019-12-24,8.916666666666666,0.08333333333333334
rock,2019-12-25,8.833333333333334,0.16666666666666669
rock,2019-12-26,8.916666666666666,0.08333333333333334
rock,2019-12-27,8.75,0.25
rock,2019-12-28,8.916666666666666,0.08333333333333334
rock,2019-12-29,8.916666666666666,0.08333333333333334
rock,2019-12-30,9,0.12909944487358058
rock,2019-12-31,9.083333333333334,0.08333333333333334
rock,2020-01-01,9.166666666666666,0.10540925533894598
rock,2020-01-02,9,0
rock,2020-01-03,9.083333333333334,0.08333333333333334
rock,2020-01-04,8.916666666666666,0.08333333333333334
rock,2020-01-05,8.916666666666666,0.08333333333333334
rock,2020-01-06,8.75,0.25
rock,2020-01-07,9.083333333333334,0.08333333333333334
rock,2020-01-08,8.916666666666666,0.08333333333333334
rock,2020-01-09,8.333333333333334,0.4216370213557839
rock,2020-01-10,8.75,0.11180339887498948
rock,2020-01-11,8.666666666666666,0.10540925533894598
rock,2020-01-12,8.583333333333334,0.08333333333333334
rock,2020-01-13,4.416666666666667,0.1536590742882148
rock,2020-01-23,8.8,0.12247448713915889
rock,2020-01-24,8.3,0.12247448713915889
rock,2020-01-25,8.3,0.12247448713915889
rock,2020-01-26,8.3,0.12247448713915889
rock,2020-01-27,8.3,0.12247448713915889
rock,2020-01-28,8.1,0.18708286933869706
rock,2020-01-29,8.2,0.12247448713915889
rock,2020-01-30,8.2,0.12247448713915889
rock,2020-01-31,9,0.27386127875258304
rock,2020-02-01,8.4,0.09999999999999999
rock,2020-02-02,7.8,0.25495097567963926
rock,2020-02-03,7.2,0.12247448713915889
rock,2020-02-04,7.2,0.12247448713915889
rock,2020-02-05,7.3,0.19999999999999998
rock,2020-02-06,7.3,0.25495097567963926
rock,2020-02-07,7.7,0.12247448713915889
rock,2020-02-08,7.6,0.291547594742265
rock,2020-02-09,6.4,0.33166247903553997
rock,2020-02-10,6.5,0.4183300132670377
rock,2020-02-11,7.9,0.39999999999999997
rock,2020-02-12,12.2,0.58309518948453
rock,2020-02-13,9.1,0.24494897427831777
rock,2020-02-14,10.7,0.33911649915626335
rock,2020-02-15,9.7,0.25495097567963926
rock,2020-02-16,10,0.31622776601683794
rock,2020-02-17,8.1,0.09999999999999999
rock,2020-02-18,6.2,0.25495097567963926
rock,2020-02-19,5.9,0.291547594742265
rock,2020-02-20,6.3,0.33911649915626335
rock,2020-02-21,7.7,0.19999999999999998
rock,2020-02-22,7.2,0.25495097567963926
rock,2020-02-23,7.7,0.12247448713915889
rock,2020-02-24,8.1,1.218605760695394
rock,2020-02-25,10.3,0.12247448713915889
rock,2020-02-26,13.9,0.5787918451395112
rock,2020-02-27,11.8,0.12247448713915889
rock,2020-02-28,9.2,0.25495097567963926
rock,2020-02-29,12,0.44721359549995793
rock,2020-03-01,10.3,0.12247448713915889
rock,2020-03-02,7.9,0.09999999999999999
rock,2020-03-03,9,0.15811388300841897
rock,2020-03-04,10,0.3535533905932738
rock,2020-03-05,8.2,0.12247448713915889
rock,2020-03-06,7.9,0.291547594742265
rock,2020-03-07,7.6,0.291547594742265
rock,2020-03-08,7.5,0.47434164902525683
rock,2020-03-09,12.3,0.5612486080160912
rock,2020-03-10,8.4,0.09999999999999999
rock,2020-03-11,14.4,0.3674234614174767
rock,2020-03-12,11.1,0.09999999999999999
rock,2020-03-13,11.1,0.09999999999999999
rock,2020-03-14,8.7,0.25495097567963926
rock,2020-03-15,6.5,0.5
rock,2020-03-16,15.5,1.5138251770487459
rock,2020-03-17,13.375,1.231107225224513
rock,2020-03-18,11.875,1.0483121354507603
rock,2020-03-19,8.625,0.125
rock,2020-03-20,12.5,2.622022120425379
rock,2020-03-21,12.625,2.8531780526283317
rock,2020-03-22,10,1.0606601717798212
rock,2020-03-23,17.5,1.8596594670351165
rock,2020-03-24,14.875,1.2808688457449497
rock,2020-03-25,20.5,1.5138251770487459
rock,2020-03-26,14.25,0.8539125638299665
rock,2020-03-27,13.75,0.3227486121839514
rock,2020-03-28,11.25,0.25
rock,2020-03-29,22.125,1.6630168369562588
rock,2020-03-30,13.375,0.5543389456520863
rock,2020-03-31,18.75,1.1086778913041726
rock,2020-04-01,20.25,1.5877132402714709
rock,2020-04-02,12.625,0.5543389456520863
rock,2020-04-03,12.875,0.898494110535326
rock,2020-04-04,9.875,0.375
rock,2020-04-05,9.25,0.4330127018922193
rock,2020-04-06,22.375,1.7365554986812255
rock,2020-04-07,24.875,1.4343262065048754
rock,2020-04-08,24.375,1.6121285101794254
rock,2020-04-09,25.625,1.6630168369562588
rock,2020-04-10,26.75,1.2665570127975554
rock,2020-04-11,26,1.695582495781317
rock,2020-04-12,25.75,1.7618645426554977
rock,2020-04-13,25.375,1.5595806060177417
rock,2020-04-14,24.625,1.7955384522012703
rock,2020-04-15,22.875,1.7245168405479065
rock,2020-04-16,24.5,2.9650744791095325
rock,2020-04-17,16.625,1.4630874888399532
rock,2020-04-18,22.375,2.383755790064634
rock,2020-04-19,26.125,1.4912941806811069
rock,2020-04-20,26.5,1.5138251770487459
rock,2020-04-21,23.25,1.0897247358851685
rock,2020-04-22,13.375,0.23935677693908453
rock,2020-04-23,25,0.8897565210026093
rock,2020-04-24,19.75,0.21408720964441885
rock,2020-04-25,27.333333333333332,0.9098229375970789
rock,2020-04-26,24.083333333333332,0.41666666666666674
rock,2020-04-27,24.583333333333332,0.7462871059079371
rock,2020-04-28,16.666666666666668,0.16666666666666669
rock,2020-04-29,22,0.6454972243679029
rock,2020-04-30,23.333333333333332,0.760116950066092
rock,2020-05-01,25.333333333333332,1.1377365443917342
rock,2020-05-02,14,0.25819888974716115
rock,2020-05-03,16.5,1.9874606914351791
rock,2020-05-04,17.75,0.21408720964441885
rock,2020-05-05,30.5,1.1254628677422756
rock,2020-05-06,33.5,0.903696114115064
rock,2020-05-07,30.75,1.0858944086174616
rock,2020-05-08,35.666666666666664,1.077548658349641
rock,2020-05-09,34.25,1.0144785195688801
rock,2020-05-10,34.583333333333336,0.9610468828892331
rock,2020-05-11,26.833333333333332,0.4216370213557839
rock,2020-05-12,27.25,0.7388053419767168
rock,2020-05-13,27.833333333333332,0.726483157256779
rock,2020-05-14,26.416666666666668,0.888975690206306
rock,2020-05-15,21.916666666666668,1.1061695670696747
rock,2020-05-16,14.75,0.5439056290693574
rock,2020-05-17,18.083333333333332,1.3254978100489054
rock,2020-05-18,31.583333333333332,1.0199400853862828
rock,2020-05-19,33.25,0.8732124598286491
rock,2020-05-20,25.166666666666668,0.6411794687223783
rock,2020-05-21,24.583333333333332,0.830829572040968
rock,2020-05-22,29.916666666666668,0.7790663928346829
rock,2020-05-23,31.416666666666668,0.8105210943858553
rock,2020-05-24,30.166666666666668,0.6540472290116196
rock,2020-05-25,23.25,0.5590169943749475
rock,2020-05-26,33.416666666666664,0.8506533436783231
rock,2020-05-27,33.916666666666664,0.830829572040968
rock,2020-05-28,32.333333333333336,1.0540925533894598
rock,2020-05-29,31.166666666666668,0.8232726023485647
rock,2020-05-30,14.416666666666666,0.23863035105460592
rock,2020-05-31,22.166666666666668,1.2692955176439846
rock,2020-06-01,33.583333333333336,0.9435453236478775
rock,2020-06-02,15,0.2886751345948129
rock,2020-06-03,34.416666666666664,0.7236097782030805
rock,2020-06-04,31.083333333333332,0.6508541396588879
rock,2020-06-05,32.583333333333336,0.8983008652141244
rock,2020-06-06,33.75,0.8036375634160796
rock,2020-06-07,35.416666666666664,0.7896905160321424
rock,2020-06-08,30.166666666666668,0.760116950066092
rock,2020-06-09,16.8,0.12247448713915889
rock,2020-06-10,32.3,0.6244997998398397
rock,2020-06-11,30,0.6708203932499369
rock,2020-06-12,25.8,0.7516648189186453
rock,2020-06-13,22.7,1.0793516572461452
rock,2020-06-14,15.9,0.5567764362830021
rock,2020-06-15,13.5,0.22360679774997896
rock,2020-06-16,30.3,0.9433981132056602
rock,2020-06-17,35.3,0.9027735042633893
rock,2020-06-18,37,0.8803408430829505
rock,2020-06-19,29.9,0.4847679857416329
rock,2020-06-20,20.3,0.3
rock,2020-06-21,34.3,0.99498743710662
rock,2020-06-22,37.7,0.7681145747868607
rock,2020-06-23,25.4,0.5338539126015656
rock,2020-06-24,31.3,0.6819090848492928
rock,2020-06-25,35.2,0.7348469228349535
rock,2020-06-26,25.7,0.5612486080160912
rock,2020-06-27,23.8,0.33911649915626335
rock,2020-06-28,26.9,0.8276472678623424
rock,2020-06-29,25.4,0.8426149773176358
rock,2020-06-30,23.4,1.0653637876331257
rock,2020-07-01,17.3,0.25495097567963926
rock,2020-07-02,24.5,0.3535533905932738
rock,2020-07-03,18.2,0.12247448713915889
rock,2020-07-04,33.3,0.7516648189186453
rock,2020-07-05,36.5,0.8944271909999159
rock,2020-07-06,32.5,0.7416198487095662
rock,2020-07-07,28.4,0.6204836822995429
rock,2020-07-08,33.1,0.7483314773547882
rock,2020-07-09,29,0.6519202405202649
rock,2020-07-10,29.9,0.7968688725254613
rock,2020-07-11,17.1,0.4847679857416329
rock,2020-07-12,26.9,0.8860022573334675
rock,2020-07-13,25.7,1.2206555615733703
rock,2020-07-14,28.1,1.4781745499094483
rock,2020-07-15,31.9,0.7483314773547882
rock,2020-07-16,27.4,0.3674234614174767
rock,2020-07-17,30.4,0.9137833441248533
rock,2020-07-18,34.3,1.0319883720275145
rock,2020-08-19,27.166666666666668,0.380058475033046
rock,2020-08-20,23.166666666666668,0.27888667551135854
rock,2020-08-21,23.583333333333332,0.6881940940687526
rock,2020-08-22,31.833333333333332,0.9803627446568496
rock,2020-08-23,24.416666666666668,0.8105210943858553
rock,2020-08-24,23.25,1.2365947867699698
rock,2020-08-25,19.75,0.6922186552431729
rock,2020-08-26,24.25,0.7388053419767168
rock,2020-08-27,27.416666666666668,1.052114273472442
rock,2020-08-28,28.416666666666668,0.8207381501496755
rock,2020-08-29,28.333333333333332,0.6540472290116196
rock,2020-08-30,30.916666666666668,0.9257129384665879
rock,2020-08-31,27.583333333333332,0.7001983845866669
rock,2020-09-01,33.166666666666664,1.1377365443917342
rock,2020-09-02,30.416666666666668,0.9346716595206636
rock,2020-09-03,30.5,1.110555416597179
rock,2020-09-04,28.583333333333332,1.0756135200175037
rock,2020-09-05,27.416666666666668,0.9867173410410458
rock,2020-09-06,25.666666666666668,0.9457507306074072
rock,2020-09-07,23.166666666666668,1.2292725943057183
rock,2020-09-08,15.833333333333334,1.6210421887717106
rock,2020-09-09,17.75,0.6922186552431729
rock,2020-09-10,21.416666666666668,0.6247221604663771
rock,2020-09-11,21,0.6582805886043834
rock,2020-09-12,15.083333333333334,0.1536590742882148
rock,2020-09-13,14.833333333333334,0.16666666666666669
rock,2020-09-14,21.416666666666668,0.35158371849548314
rock,2020-09-15,25.166666666666668,0.760116950066092
rock,2020-09-16,23.333333333333332,0.3073181485764296
rock,2020-09-17,22.75,0.4330127018922193
rock,2020-09-18,17.125,0.23935677693908453
rock,2020-09-19,19.5,0.2041241452319315
rock,2020-09-20,22.5,0.45643546458763845
rock,2020-09-21,13.5,0.8660254037844386
rock,2020-09-22,12,0
rock,2020-09-23,12.625,0.125
rock,2020-09-24,12.125,0.125
rock,2020-09-25,12,0
rock,2020-09-26,11.875,0.125
rock,2020-09-27,21.875,0.5543389456520863
rock,2020-09-28,25.5,0.7905694150420949
rock,2020-09-29,26.25,0.8539125638299665
rock,2020-09-30,24.5,0.7359800721939872
rock,2020-10-01,22.75,0.5204164998665332
rock,2020-10-02,22.625,0.125
rock,2020-10-03,16.625,0.23935677693908453
rock,2020-10-04,13.5,0.6123724356957945
rock,2020-10-05,14.25,0.82915619758885
rock,2020-10-06,11.125,0.3145764348029479
rock,2020-10-07,11.875,0.125
rock,2020-10-08,12.25,0.14433756729740643
rock,2020-10-09,12,0
rock,2020-10-10,11.875,0.125
rock,2020-10-11,11.25,0.14433756729740643
rock,2020-10-12,18.375,0.6574889099191459
rock,2020-10-13,14,0.5400617248673217
rock,2020-10-14,16.625,0.4732423621500228
rock,2020-10-15,17.5,0.408248290463863
rock,2020-10-16,13.375,0.5153882032022076
rock,2020-10-17,13.125,0.125
rock,2020-10-18,11.625,0.23935677693908453
rock,2020-10-19,10.625,0.125
rock,2020-10-20,9.75,0.47871355387816905
rock,2020-10-21,9.25,0.4330127018922193
rock,2020-10-22,7.625,0.3145764348029479
rock,2020-10-23,9.375,0.375
rock,2020-10-24,10.375,0.125
rock,2020-10-25,10,0.2041241452319315
rock,2020-10-26,9,0.3535533905932738
rock,2020-10-27,10.5,0
rock,2020-10-28,12,0.67700320038633
rock,2020-10-29,11.375,0.375
rock,2020-10-30,11.875,0.42695628191498325
rock,2020-10-31,13.5,0.7905694150420949
rock,2020-11-01,9.375,1.2970318680227817
rock,2020-11-02,9.5,0.2041241452319315
rock,2020-11-03,10.75,0.14433756729740643
rock,2020-11-04,11,0.2041241452319315
rock,2020-11-05,10.625,0.23935677693908453
rock,2020-11-06,8.875,0.6574889099191459
rock,2020-11-07,9.125,0.375
rock,2020-11-08,8,0.7905694150420949
rock,2020-11-09,9.625,0.125
rock,2020-11-10,9.375,0.3145764348029479
rock,2020-11-11,8,0.28867513459481287
rock,2020-11-12,9.375,0.125
rock,2020-11-13,9.75,0.14433756729740643
rock,2020-11-14,9.375,0.125
rock,2020-11-15,9.5,0
rock,2020-11-16,8.625,0.125
rock,2020-11-17,8.875,0.125
rock,2020-11-18,9.375,0.125
rock,2020-11-19,8.375,0.42695628191498325
rock,2020-11-20,8.25,0.25
rock,2020-11-21,7.25,0.14433756729740643
rock,2020-11-22,7.5,0.5773502691896257
rock,2020-11-23,8.875,0.125
rock,2020-11-24,9.375,0.125
rock,2020-11-25,9.375,0.125
rock,2020-11-26,8.875,0.23935677693908453
rock,2020-11-27,9.375,0.125
rock,2020-11-28,7,0.67700320038633
rock,2020-11-29,7.875,0.125
rock,2020-11-30,8.25,0.5951190357119042
rock,2020-12-01,6.5,0.2041241452319315
rock,2020-12-02,6.375,0.42695628191498325
rock,2020-12-03,7.75,0.25
rock,2020-12-04,7.75,0.25
rock,2020-12-05,8.125,0.5153882032022076
rock,2020-12-06,8.875,0.125
rock,2020-12-07,9.25,0.14433756729740643
rock,2020-12-08,9.375,0.125
rock,2020-12-09,8.25,0.25
rock,2020-12-10,7.625,0.3145764348029479
rock,2020-12-11,8,0.45643546458763845
rock,2020-12-12,5.875,0.23935677693908453
rock,2020-12-13,7.75,0.25
rock,2020-12-14,8,0
rock,2020-12-15,8.875,0.125
rock,2020-12-16,8.875,0.125
rock,2020-12-17,8.125,0.125
rock,2020-12-18,8.875,0.125
rock,2020-12-19,8.875,0.125
rock,2020-12-20,8.625,0.125
rock,2020-12-21,8.375,0.23935677693908453
rock,2020-12-22,7,0.67700320038633
rock,2020-12-23,4.75,0.3227486121839514
rock,2020-12-24,5.875,0.125
rock,2020-12-25,7.875,0.125
rock,2020-12-26,8.25,0.14433756729740643
rock,2020-12-27,8.125,0.125
rock,2020-12-28,6.875,0.375
rock,2020-12-29,7.25,0.25
rock,2020-12-30,8.375,0.125
rock,2020-12-31,8.375,0.125
rock,2021-01-01,8.5,0
rock,2021-01-02,8.375,0.125
rock,2021-01-03,8.125,0.125
rock,2021-01-04,8.5,0
rock,2021-01-05,8.375,0.125
rock,2021-01-06,8.75,0.14433756729740643
rock,2021-01-07,8.375,0.125
rock,2021-01-08,6.375,0.5543389456520863
rock,2021-01-09,7.25,0.14433756729740643
rock,2021-01-10,8.375,0.125
rock,2021-01-11,8.5,0
rock,2021-01-12,9.875,0.125
rock,2021-01-13,8.125,0.375
rock,2021-01-14,7.75,0.14433756729740643
rock,2021-01-15,7.875,0.125
rock,2021-01-16,7.875,0.125
rock,2021-01-17,7.625,0.4732423621500228
rock,2021-01-18,7.125,0.375
rock,2021-01-19,8.125,0.375
rock,2021-01-20,8.5,0
rock,2021-01-21,8.25,0.14433756729740643
rock,2021-01-22,5.25,0.6614378277661477
rock,2021-01-23,6,0.3535533905932738
rock,2021-01-24,7.375,0.125
rock,2021-01-25,7.125,0.375
rock,2021-01-26,7.625,0.125
rock,2021-01-27,6.875,0.375
rock,2021-01-28,6.875,0.23935677693908453
rock,2021-01-29,8.25,0.14433756729740643
rock,2021-01-30,8,0
rock,2021-01-31,8.125,0.125
rock,2021-02-01,8.125,0.23935677693908453
rock,2021-02-02,8.375,0.125
rock,2021-02-03,8.875,0.375
rock,2021-02-04,8,0
rock,2021-02-05,9.375,0.125
rock,2021-02-06,8.75,0.14433756729740643
rock,2021-02-07,6.75,0.4330127018922193
rock,2021-02-08,5.625,0.4732423621500228
rock,2021-02-09,6.375,0.6574889099191459
rock,2021-02-10,4.625,0.9655525188547056
rock,2021-02-11,7.25,0.14433756729740643
rock,2021-02-12,5,1.1547005383792515
rock,2021-02-13,7,0
rock,2021-02-14,6.5,0.45643546458763845
rock,2021-02-15,7.75,0.14433756729740643
rock,2021-02-16,10.5,0.28867513459481287
rock,2021-02-17,11.375,0.5153882032022076
rock,2021-02-18,7.375,0.125
rock,2021-02-19,9.5,0
rock,2021-02-20,8.125,0.125
rock,2021-02-21,9.5,0
rock,2021-02-22,8.125,0.375
rock,2021-02-23,6.625,0.3145764348029479
rock,2021-02-24,6.875,0.3145764348029479
rock,2021-02-25,7.25,0.25
cool,2019-04-12,18.180555555555557,0.2811207570965665
cool,2019-04-13,10.554054054054054,0.1697726175229077
cool,2019-04-14,10.175675675675675,0.0555352612880088
cool,2019-04-15,10.445945945945946,0.11261261261261261
cool,2019-04-16,10.91891891891892,0.15801118663775118
cool,2019-04-17,13.364864864864865,0.15457081024120262
cool,2019-04-18,11.08108108108108,0.03631647634368716
cool,2019-04-19,22.824324324324323,0.21065482794756618
cool,2019-04-20,22.513513513513512,0.3944464734953088
cool,2019-04-21,22.93243243243243,0.24055909770844486
cool,2019-04-22,14.878378378378379,0.10683370473541823
cool,2019-04-23,22.56756756756757,0.2713566753482709
cool,2019-04-24,24.256756756756758,0.29991341444535685
cool,2019-04-25,20.175675675675677,0.28423030793536097
cool,2019-04-26,20.95945945945946,0.4325262660957767
cool,2019-04-27,15.527027027027026,0.5980906638394398
cool,2019-04-28,15.162162162162161,0.3593736491313188
cool,2019-04-29,15.81081081081081,0.46270493039232485
cool,2019-04-30,19.81081081081081,0.40564307347693807
cool,2019-05-01,24.83783783783784,0.42758402492216535
cool,2019-05-02,18.445945945945947,0.37806990858132783
cool,2019-05-03,27.95945945945946,0.3369056207444172
cool,2019-05-04,25.87837837837838,0.2934504049531952
cool,2019-05-05,26.324324324324323,0.358412528550137
cool,2019-05-06,27.635135135135137,0.31459054412632453
cool,2019-05-07,27.87837837837838,0.37035684308278316
cool,2019-05-08,27.93243243243243,0.3671792905955524
cool,2019-05-09,30.58108108108108,0.29543162900235065
cool,2019-05-10,32.12162162162162,0.3078096389017535
cool,2019-05-11,24.56756756756757,0.29837029953810296
cool,2019-05-12,16.527027027027028,0.15852400319610607
cool,2019-05-13,13.297297297297296,0.09966057157584499
cool,2019-05-14,12.31081081081081,0.07834471680597337
cool,2019-05-15,22.64864864864865,0.3056431613277004
cool,2019-05-16,20.472972972972972,0.2892895057686635
cool,2019-05-17,24.35135135135135,0.27933376393841175
cool,2019-05-18,30.2972972972973,0.3192165354329113
cool,2019-05-19,32.86486486486486,0.315781508648698
cool,2019-05-20,13.513513513513514,0.07866778917375217
cool,2019-05-21,27.45945945945946,0.3526914844096281
cool,2019-05-22,29.7027027027027,0.294123793840962
cool,2019-05-23,32.2972972972973,0.3114792394589264
cool,2019-05-24,15.337837837837839,0.09098653097623494
cool,2019-05-25,17.35135135135135,0.20944735022635444
cool,2019-05-26,21.216216216216218,0.3192642045939973
cool,2019-05-27,21.594594594594593,0.4563687781288725
cool,2019-05-28,15.986486486486486,0.42203144785123287
cool,2019-05-29,23.62162162162162,0.4663630791010107
cool,2019-05-30,29.027027027027028,0.5996576682147728
cool,2019-05-31,32.87837837837838,0.3462613520896867
cool,2019-06-01,33.445945945945944,0.31763943982549075
cool,2019-06-02,30.256756756756758,0.3490773024291028
cool,2019-06-03,31.08108108108108,0.5515857271376314
cool,2019-06-04,31.16216216216216,0.5323802203024072
cool,2019-06-05,23.345238095238095,0.5611523979419989
cool,2019-06-06,23.82608695652174,0.7542500180225656
cool,2019-06-07,23.35135135135135,0.3159099926367827
cool,2019-06-08,27.93243243243243,0.38023728276171553
cool,2019-06-09,24.72972972972973,0.23933293385198612
cool,2019-06-10,28.175675675675677,0.38223315301572863
cool,2019-06-11,28.094594594594593,0.42836629988371555
cool,2019-06-12,31.77027027027027,0.3714646132970204
cool,2019-06-13,31.324324324324323,0.2542552394895511
cool,2019-06-14,29.37837837837838,0.3380329766758672
cool,2019-06-15,35,0.3026410276079428
cool,2019-06-16,33.21621621621622,0.2864170690446763
cool,2019-06-17,32.054054054054056,0.2752174841511735
cool,2019-06-18,33.67567567567568,0.431587011423549
cool,2019-06-19,29.986486486486488,0.37692772110760414
cool,2019-06-20,33.108108108108105,0.4022903344462362
cool,2019-06-21,30.06756756756757,0.2964771652595376
cool,2019-06-22,28.2027027027027,0.29284476323241626
cool,2019-06-23,26.91891891891892,0.48262355211969116
cool,2019-06-24,24.95945945945946,0.5098056430499543
cool,2019-06-25,25.2027027027027,0.4615303972707564
cool,2019-06-26,24.06756756756757,0.5345292623824761
cool,2019-06-27,21.256756756756758,0.39403473384917187
cool,2019-06-28,25.513513513513512,0.39681846898772516
cool,2019-06-29,32.32432432432432,0.4187857000228455
cool,2019-06-30,34.891891891891895,0.44525152958780045
cool,2019-07-01,35.472972972972975,0.35458491252437635
cool,2019-07-02,17.10810810810811,0.11484278183767535
cool,2019-07-03,27.094594594594593,0.33098147671299716
cool,2019-07-04,31.35135135135135,0.3258535020974203
cool,2019-07-05,24.72972972972973,0.33027572576258307
cool,2019-07-06,26.5,0.24962434238734071
cool,2019-07-07,16.069444444444443,0.11469901567812545
cool,2019-07-08,29.27777777777778,0.37662054313287285
cool,2019-07-09,20.47222222222222,0.3007559552541084
cool,2019-07-10,17.791666666666668,0.337694682239295
cool,2019-07-11,24.583333333333332,0.4270143672539249
cool,2019-07-12,30.555555555555557,0.4144118885889738
cool,2019-07-13,32.111111111111114,0.5814974890797006
cool,2019-07-14,35.06944444444444,0.3416537615319923
cool,2019-07-15,35.736111111111114,0.3312351291128062
cool,2019-07-16,34.986111111111114,0.30504105312516666
cool,2019-07-17,18.083333333333332,0.1696167481997025
cool,2019-07-18,32.19444444444444,0.3042540825317113
cool,2019-07-19,33.541666666666664,0.26975518001116705
cool,2019-07-20,33.611111111111114,0.3919381587472531
cool,2019-07-21,35.958333333333336,0.5438600280942976
cool,2019-07-22,28.194444444444443,0.47487583079550527
cool,2019-07-23,25.319444444444443,0.4512560854700149
cool,2019-07-24,20.166666666666668,0.46076196381818163
cool,2019-07-25,24.541666666666668,0.32512207719465175
cool,2019-07-26,26.72222222222222,0.2827335699999883
cool,2019-07-27,31.666666666666668,0.7190712705034822
cool,2019-07-28,31.791666666666668,0.3492480584759296
cool,2019-07-29,37.52777777777778,0.33330026290978515
cool,2019-07-30,29.666666666666668,0.3345216912320663
cool,2019-07-31,35.833333333333336,0.32489314482696546
cool,2019-08-01,32.541666666666664,0.27122224823289837
cool,2019-08-02,33.80555555555556,0.32014243963874633
cool,2019-08-03,32.791666666666664,0.42973552220827527
cool,2019-08-04,34.861111111111114,0.4430284984523198
cool,2019-08-05,29.625,0.5111359120966953
cool,2019-08-06,24.40277777777778,0.3645063221763452
cool,2019-08-07,17.23611111111111,0.34703169375816834
cool,2019-08-08,24.38888888888889,0.3047970383187823
cool,2019-08-09,19.375,0.270489708750042
cool,2019-08-10,17.930555555555557,0.12779071708122636
cool,2019-08-11,21,0.32914029430219166
cool,2019-08-12,32.875,0.556482361847722
cool,2019-08-13,34,0.3624213105616257
cool,2019-08-14,36.027027027027025,0.3889164251037043
cool,2019-08-15,34.5,0.5721109371177481
cool,2019-08-16,35.029411764705884,0.318713138073774
cool,2019-08-17,25.970588235294116,0.23022616996394926
cool,2019-08-18,31.926470588235293,0.3514246235205596
cool,2019-08-19,29.014705882352942,0.5309013012552624
cool,2019-08-20,24,0.42220033092074905
cool,2019-08-21,17.220588235294116,0.18903919802921226
cool,2019-08-22,17.823529411764707,0.4517160550155518
cool,2019-08-23,14.838235294117647,0.09374508480351983
cool,2019-08-24,18.323529411764707,0.13823813855305417
cool,2019-08-25,28.352941176470587,0.6348920956801851
cool,2019-08-26,28.63235294117647,0.41059325342075437
cool,2019-08-27,31.705882352941178,0.4005998438276013
cool,2019-08-28,32.470588235294116,0.45174506976042006
cool,2019-08-29,33.10294117647059,0.315790192260532
cool,2019-08-30,23.954545454545453,0.17045454545454547
cool,2019-08-31,28.772727272727273,0.2566270406962776
cool,2019-09-01,28.71212121212121,0.3077520393477213
cool,2019-09-02,28.303030303030305,0.5158195312287638
cool,2019-09-03,23.651515151515152,0.39855613488417263
cool,2019-09-04,18.575757575757574,0.516361657948977
cool,2019-09-05,16.818181818181817,0.15663691763738888
cool,2019-09-06,20.666666666666668,0.19052691424180745
cool,2019-09-07,16.893939393939394,0.19554408332030768
cool,2019-09-08,19.636363636363637,0.20674324316659376
cool,2019-09-09,20.939393939393938,0.172379700802769
cool,2019-09-10,28.575757575757574,0.4449427589808753
cool,2019-09-11,26.106060606060606,0.26628545410336246
cool,2019-09-12,19.09090909090909,0.0855423468987592
cool,2019-09-13,18.803030303030305,0.2196969696969697
cool,2019-09-14,16.424242424242426,0.10906197006733309
cool,2019-09-15,21.37878787878788,0.21979491024854558
cool,2019-09-16,24.40909090909091,0.35718712830685706
cool,2019-09-17,12.242424242424242,0.04924242424242424
cool,2019-09-18,14.818181818181818,0.3620348255016816
cool,2019-09-19,12.318181818181818,0.047763334139842774
cool,2019-09-20,12.090909090909092,0.05941055735362925
cool,2019-09-21,12,0.05757077330897979
cool,2019-09-22,13.515151515151516,0.055411889539120435
cool,2019-09-23,12.696969696969697,0.08687382531196754
cool,2019-09-24,21.136363636363637,0.2649620535230706
cool,2019-09-25,25.484848484848484,0.3065608722772471
cool,2019-09-26,24.257575757575758,0.3169166767174529
cool,2019-09-27,19.848484848484848,0.2532785481576384
cool,2019-09-28,20.106060606060606,0.4098442838523284
cool,2019-09-29,15.909090909090908,0.31037500644881055
cool,2019-09-30,20.984848484848484,0.4504232271574166
cool,2019-10-01,16.893939393939394,0.3376315510718084
cool,2019-10-02,12.166666666666666,0.12995239998794275
cool,2019-10-03,11.636363636363637,0.05449808549218999
cool,2019-10-04,11.272727272727273,0.044011174388720646
cool,2019-10-05,11.454545454545455,0.05039444960473512
cool,2019-10-06,12.484848484848484,0.07990539056715526
cool,2019-10-07,11.848484848484848,0.046081534320441056
cool,2019-10-08,12.242424242424242,0.12332439845530081
cool,2019-10-09,15.181818181818182,0.40814284081972657
cool,2019-10-10,17.060606060606062,0.41841917945249674
cool,2019-10-11,15.924242424242424,0.29203538283933916
cool,2019-10-12,14.242424242424242,0.13257575757575757
cool,2019-10-13,17.90909090909091,0.22450971988996127
cool,2019-10-14,13.924242424242424,0.10906197006733309
cool,2019-10-15,11.212121212121213,0.04368394922223786
cool,2019-10-16,11.166666666666666,0.041666666666666664
cool,2019-10-17,11,0.04351941398892446
cool,2019-10-18,10.666666666666666,0.041666666666666664
cool,2019-10-20,10.75,0.060633906259083256
cool,2019-10-21,10.779411764705882,0.04321719217979843
cool,2019-10-22,11.205882352941176,0.14335806961057468
cool,2019-10-23,11.205882352941176,0.17676742711327156
cool,2019-10-24,11.014705882352942,0.12396684285442497
cool,2019-10-25,12.441176470588236,0.390828856578859
cool,2019-10-26,11.544117647058824,0.3528390375083943
cool,2019-10-27,12.735294117647058,0.3305826529428895
cool,2019-10-28,11.161764705882353,0.1931544460620918
cool,2019-10-29,10.470588235294118,0.06655910374776682
cool,2019-10-30,10.044117647058824,0.18806601680009882
cool,2019-10-31,10.029411764705882,0.19683454925876723
cool,2019-11-01,9.867647058823529,0.21867860284237364
cool,2019-11-02,10.073529411764707,0.1464559836371555
cool,2019-11-03,10.205882352941176,0.06374262761475481
cool,2019-11-04,10.279411764705882,0.048097385568028596
cool,2019-11-05,10.338235294117647,0.04586555293692096
cool,2019-11-06,10.441176470588236,0.11321879871518785
cool,2019-11-07,10.235294117647058,0.05271291651558376
cool,2019-11-08,10.264705882352942,0.06753652909259406
cool,2019-11-09,10.205882352941176,0.042836416544377594
cool,2019-11-10,10.573529411764707,0.12333083946479532
cool,2019-11-11,10.235294117647058,0.09496057470137041
cool,2019-11-12,10.029411764705882,0.04190844187347147
cool,2019-11-13,10.117647058823529,0.051961625123523744
cool,2019-11-14,9.897058823529411,0.07546472705068946
cool,2019-11-15,9.970588235294118,0.05145467031679521
cool,2019-11-16,9.970588235294118,0.05145467031679521
cool,2019-11-17,10.058823529411764,0.040959448460164194
cool,2019-11-18,9.970588235294118,0.05145467031679521
cool,2019-11-19,9.882352941176471,0.059927256591851115
cool,2019-11-20,9.808823529411764,0.07006078937481483
cool,2019-11-21,9.705882352941176,0.07931763087802847
cool,2019-11-22,9.632352941176471,0.07701200085141882
cool,2019-11-23,9.676470588235293,0.041594516540385144
cool,2019-11-24,9.838235294117647,0.07529084496007
cool,2019-11-25,9.485294117647058,0.11462815594095467
cool,2019-11-26,9.147058823529411,0.2106028734493606
cool,2019-11-27,9.279411764705882,0.04321719217979843
cool,2019-11-28,9.088235294117647,0.06496464222510488
cool,2019-11-29,8.882352941176471,0.22741947658152514
cool,2019-11-30,8.558823529411764,0.28616704939855736
cool,2019-12-01,8.911764705882353,0.09781614550943817
cool,2019-12-02,8.985294117647058,0.04944114651429943
cool,2019-12-03,9.073529411764707,0.03736146687829444
cool,2019-12-04,9.147058823529411,0.039658815439014235
cool,2019-12-05,9,0.047203432003085063
cool,2019-12-06,8.941176470588236,0.046079379517684725
cool,2019-12-07,9.014705882352942,0.04470787592890594
cool,2019-12-08,9.147058823529411,0.04492721269564549
cool,2019-12-09,8.882352941176471,0.1267635375125547
cool,2019-12-10,9.014705882352942,0.04470787592890594
cool,2019-12-11,9.073529411764707,0.03736146687829444
cool,2019-12-12,9,0.047203432003085063
cool,2019-12-13,8.985294117647058,0.04944114651429943
cool,2019-12-14,8.970588235294118,0.046924943248086215
cool,2019-12-15,8.735294117647058,0.13053314185273449
cool,2019-12-16,8.897058823529411,0.05887920716148603
cool,2019-12-17,8.941176470588236,0.046079379517684725
cool,2019-12-18,8.955882352941176,0.04890807275471908
cool,2019-12-19,8.941176470588236,0.046079379517684725
cool,2019-12-20,8.985294117647058,0.04944114651429943
cool,2019-12-21,9.014705882352942,0.04470787592890594
cool,2019-12-22,9.058823529411764,0.03510047890822677
cool,2019-12-23,8.794117647058824,0.10992958177653936
cool,2019-12-24,8.955882352941176,0.04890807275471908
cool,2019-12-25,8.955882352941176,0.04890807275471908
cool,2019-12-26,8.897058823529411,0.04103936941120426
cool,2019-12-27,8.838235294117647,0.08099368451891326
cool,2019-12-28,8.926470588235293,0.04291284196918059
cool,2019-12-29,8.911764705882353,0.06496464222510488
cool,2019-12-30,8.941176470588236,0.054905143783463235
cool,2019-12-31,8.970588235294118,0.046924943248086215
cool,2020-01-01,9.014705882352942,0.04944114651429943
cool,2020-01-02,8.941176470588236,0.046079379517684725
cool,2020-01-03,8.970588235294118,0.05145467031679521
cool,2020-01-04,8.970588235294118,0.046924943248086215
cool,2020-01-05,8.985294117647058,0.04470787592890594
cool,2020-01-06,8.882352941176471,0.07330625673789014
cool,2020-01-07,9,0.047203432003085063
cool,2020-01-08,8.926470588235293,0.04291284196918059
cool,2020-01-09,8.661764705882353,0.11700470806396146
cool,2020-01-10,8.647058823529411,0.039658815439014235
cool,2020-01-11,8.676470588235293,0.041594516540385144
cool,2020-01-12,8.617647058823529,0.04252934149889536
cool,2020-01-13,2.8529411764705883,0.3205174986148465
cool,2020-01-23,9.243243243243244,0.049855728876528504
cool,2020-01-24,8.445945945945946,0.04237587324825851
cool,2020-01-25,8.22972972972973,0.05339310626634999
cool,2020-01-26,8.405405405405405,0.04261461245140653
cool,2020-01-27,8.324324324324325,0.04830542925569194
cool,2020-01-28,8.35135135135135,0.04273348189416729
cool,2020-01-29,8.297297297297296,0.05635133334773335
cool,2020-01-30,8.35135135135135,0.04273348189416729
cool,2020-01-31,9.337837837837839,0.1463444121148037
cool,2020-02-01,8.554054054054054,0.04659495690445315
cool,2020-02-02,7.783783783783784,0.06861056852129647
cool,2020-02-03,6.54054054054054,0.12157990609248451
cool,2020-02-04,7.297297297297297,0.04091419397429043
cool,2020-02-05,7.513513513513513,0.06846254123230029
cool,2020-02-06,7.405405405405405,0.09848293292376328
cool,2020-02-07,7.878378378378378,0.0490350023808046
cool,2020-02-08,7.716216216216216,0.08114361952545866
cool,2020-02-09,6.824324324324325,0.14782737911190938
cool,2020-02-10,6.54054054054054,0.21866574171207157
cool,2020-02-11,8.067567567567568,0.1227839024363875
cool,2020-02-12,11.675675675675675,0.2269528335794705
cool,2020-02-13,9.18918918918919,0.13610761197962276
cool,2020-02-14,10.337837837837839,0.12107819870014065
cool,2020-02-15,9.864864864864865,0.1172902393359598
cool,2020-02-16,10.14864864864865,0.18264085524966933
cool,2020-02-17,7.513513513513513,0.0627404877350636
cool,2020-02-18,5.554054054054054,0.12523818715727789
cool,2020-02-19,5.081081081081081,0.15801118663775118
cool,2020-02-20,5.972972972972973,0.22755551243810973
cool,2020-02-21,7.891891891891892,0.05526055921795179
cool,2020-02-22,6.986486486486487,0.10871638185718172
cool,2020-02-23,7.824324324324325,0.09335307106334553
cool,2020-02-24,8.513513513513514,0.4971716122673105
cool,2020-02-25,10.175675675675675,0.10472367511317722
cool,2020-02-26,14.324324324324325,0.21852650849724634
cool,2020-02-27,11.783783783783784,0.09791470774452322
cool,2020-02-28,9.18918918918919,0.12458843861206606
cool,2020-02-29,11.702702702702704,0.24388886624110925
cool,2020-03-01,10.094594594594595,0.10404332849055042
cool,2020-03-02,7.986486486486487,0.04103798909524459
cool,2020-03-03,9,0.07503752814845803
cool,2020-03-04,10.067567567567568,0.17561791612268404
cool,2020-03-05,8.243243243243244,0.04593711273507014
cool,2020-03-06,7.702702702702703,0.15794696749807874
cool,2020-03-07,7.662162162162162,0.08676288416332534
cool,2020-03-08,7.675675675675675,0.16914399419386117
cool,2020-03-09,11.864864864864865,0.28844660630336977
cool,2020-03-10,8.283783783783784,0.05984382998011903
cool,2020-03-11,14.35135135135135,0.370589612624679
cool,2020-03-12,11.324324324324325,0.1010757012266526
cool,2020-03-13,10.256756756756756,0.22312079911811722
cool,2020-03-14,7.9605263157894735,0.09311577352189326
cool,2020-03-15,11.411764705882353,0.34781632791721745
cool,2020-03-16,12.75,0.36882165305836623
cool,2020-03-17,11.411764705882353,0.24840900900627305
cool,2020-03-18,10.867647058823529,0.2176572960930063
cool,2020-03-19,8.985294117647058,0.16552904182889183
cool,2020-03-20,9.382352941176471,0.4382852380350233
cool,2020-03-21,9.544117647058824,0.6152284791660866
cool,2020-03-22,8.808823529411764,0.2602743529561694
cool,2020-03-23,14.647058823529411,0.5969057960071337
cool,2020-03-24,12.647058823529411,0.2657929747397247
cool,2020-03-25,18.897058823529413,0.41139052262477305
cool,2020-03-26,12.529411764705882,0.24703335748558494
cool,2020-03-27,12.75,0.16111520883186056
cool,2020-03-28,10.720588235294118,0.11599214828094608
cool,2020-03-29,20.25,0.37777493795025036
cool,2020-03-30,12.147058823529411,0.20847614901465214
cool,2020-03-31,16.705882352941178,0.37294753054973795
cool,2020-04-01,18.426470588235293,0.44538250546804686
cool,2020-04-02,11.808823529411764,0.237911577781333
cool,2020-04-03,12.720588235294118,0.46833378204439347
cool,2020-04-04,8.857142857142858,0.10365470427861745
cool,2020-04-05,8.642857142857142,0.09068235393794258
cool,2020-04-06,20.114285714285714,0.34549058669983945
cool,2020-04-07,24.3,0.4349248945111629
cool,2020-04-08,22.52857142857143,0.4348006677182767
cool,2020-04-09,25.47142857142857,0.43864902278025697
cool,2020-04-10,27,0.3292466573019957
cool,2020-04-11,24.65714285714286,0.46507044219825733
cool,2020-04-12,25.085714285714285,0.45489204291599045
cool,2020-04-13,24.914285714285715,0.3414537102661235
cool,2020-04-14,24,0.3990535020257203
cool,2020-04-15,21.15714285714286,0.33353935210070773
cool,2020-04-16,21.37142857142857,0.7700657117936054
cool,2020-04-17,14.514285714285714,0.36523603182541753
cool,2020-04-18,18.97142857142857,0.8363945374815235
cool,2020-04-19,23.114285714285714,0.49624036696012574
cool,2020-04-20,24.214285714285715,0.31840312847220636
cool,2020-04-21,21.62857142857143,0.31244687423574563
cool,2020-04-22,13.157142857142857,0.08394533177902745
cool,2020-04-23,24.67142857142857,0.309474247270899
cool,2020-04-24,19.285714285714285,0.1284780239615181
cool,2020-04-25,25.3,0.2766850589546524
cool,2020-04-26,21.84285714285714,0.1736550097894385
cool,2020-04-27,23.742857142857144,0.2192150133746216
cool,2020-04-28,16.32857142857143,0.0938057557291831
cool,2020-04-29,21.34285714285714,0.14461108168455966
cool,2020-04-30,21.214285714285715,0.21132407138151132
cool,2020-05-01,23.285714285714285,0.3528311152922419
cool,2020-05-02,12.585714285714285,0.13824487208523556
cool,2020-05-03,14.371428571428572,0.6375316295145305
cool,2020-05-04,16.442857142857143,0.28013459293001003
cool,2020-05-05,26.542857142857144,0.4111734736703963
cool,2020-05-06,29.642857142857142,0.26771004364234596
cool,2020-05-07,26.228571428571428,0.43451066708186026
cool,2020-05-08,32.82857142857143,0.3974407926641016
cool,2020-05-09,31.3,0.36622076273584425
cool,2020-05-10,32.285714285714285,0.3814422620524787
cool,2020-05-11,27.7,0.2863857655727482
cool,2020-05-12,25,0.24682862424747087
cool,2020-05-13,26.985714285714284,0.3152201540165211
cool,2020-05-14,24.114285714285714,0.33997387089768716
cool,2020-05-15,19.414285714285715,0.44129570217565395
cool,2020-05-16,14.1,0.11917080461366747
cool,2020-05-17,17.071428571428573,0.42611339928664604
cool,2020-05-18,28.185714285714287,0.35685702847990847
cool,2020-05-19,30.071428571428573,0.31163896986579775
cool,2020-05-20,22.84285714285714,0.2831184600568638
cool,2020-05-21,24.2,0.2293578906791888
cool,2020-05-22,26.928571428571427,0.2544914661880532
cool,2020-05-23,29.085714285714285,0.274616397300428
cool,2020-05-24,29.357142857142858,0.2351214852903453
cool,2020-05-25,22.185714285714287,0.24859750660076066
cool,2020-05-26,30.97142857142857,0.24762982092487268
cool,2020-05-27,30.37142857142857,0.3820240528432474
cool,2020-05-28,29.142857142857142,0.34273457192807066
cool,2020-05-29,30.15714285714286,0.29758935426104843
cool,2020-05-30,13.957142857142857,0.1032485549808919
cool,2020-05-31,20.52857142857143,0.47098272780639927
cool,2020-06-01,30.142857142857142,0.3623983071334706
cool,2020-06-02,14.6,0.08887721678734965
cool,2020-06-03,32.68571428571428,0.23735740016727028
cool,2020-06-04,27.25,0.24351474495388845
cool,2020-06-05,30.82857142857143,0.309474247270899
cool,2020-06-06,31.02857142857143,0.23634369747749764
cool,2020-06-07,33.25714285714286,0.24714455723901577
cool,2020-06-08,27.65714285714286,0.2889937836057812
cool,2020-06-09,17.385714285714286,0.09633126120192707
cool,2020-06-10,31.242857142857144,0.24883884002969256
cool,2020-06-11,28.785714285714285,0.26273106219938624
cool,2020-06-12,23.15714285714286,0.3052560769403348
cool,2020-06-13,21.1,0.4288934364523812
cool,2020-06-14,16.071428571428573,0.21706876223679814
cool,2020-06-15,14.485714285714286,0.14419541229446484
cool,2020-06-16,27.571428571428573,0.3813635736015017
cool,2020-06-17,33.885714285714286,0.24944115208870835
cool,2020-06-18,36.47142857142857,0.28984410265095373
cool,2020-06-19,30.62857142857143,0.21531963453899694
cool,2020-06-20,20.185714285714287,0.11428571428571428
cool,2020-06-21,33.48571428571429,0.2497778124298331
cool,2020-06-22,34.9,0.2037464233846003
cool,2020-06-23,29.12857142857143,0.3007992554459381
cool,2020-06-24,30.47142857142857,0.3175158681556124
cool,2020-06-25,35.957142857142856,0.29375247438359153
cool,2020-06-26,26.15714285714286,0.427898631565419
cool,2020-06-27,26.9,0.3080161514918202
cool,2020-06-28,26.12857142857143,0.3516723892883192
cool,2020-06-29,24.742857142857144,0.48868346054459827
cool,2020-06-30,23.385714285714286,0.21604321296432152
cool,2020-07-01,16.742857142857144,0.1302412573420789
cool,2020-07-02,25.2,0.2578189058918956
cool,2020-07-03,17.928571428571427,0.1232317914735151
cool,2020-07-04,33.75714285714286,0.2760552165655219
cool,2020-07-05,36.48571428571429,0.29738758506417196
cool,2020-07-06,32.81428571428572,0.23288987757743188
cool,2020-07-07,27.014285714285716,0.21052726353486048
cool,2020-07-08,31.614285714285714,0.28483056609246177
cool,2020-07-09,29.32857142857143,0.23634369747749764
cool,2020-07-10,29.357142857142858,0.29674100169817375
cool,2020-07-11,17.357142857142858,0.1582087608345439
cool,2020-07-12,25.52857142857143,0.5003960016460817
cool,2020-07-13,25.67142857142857,0.47409482844948325
cool,2020-07-14,27.9,0.5053495337491707
cool,2020-07-15,32.25714285714286,0.34383613730340545
cool,2020-07-16,25.542857142857144,0.2843032383433805
cool,2020-07-17,30.885714285714286,0.5025505176687451
cool,2020-07-18,32.542857142857144,0.4055142127110766
cool,2020-07-19,30.428571428571427,0.3325119933029125
cool,2020-07-20,36.52857142857143,0.34050312326141785
cool,2020-07-21,36.22857142857143,0.22109625374792885
cool,2020-07-22,32.57142857142857,0.20716458883396724
cool,2020-07-23,30.414285714285715,0.21932451139012848
cool,2020-07-24,29.685714285714287,0.2081185367287884
cool,2020-07-25,33.628571428571426,0.30288726661665955
cool,2020-07-26,29.457142857142856,0.3708787138784906
cool,2020-07-27,25.1,0.5646446045184216
cool,2020-07-28,25.15714285714286,0.4522452988413806
cool,2020-07-29,31.242857142857144,0.37031183121922573
cool,2020-07-30,32.05714285714286,0.39998499371611335
cool,2020-07-31,25.142857142857142,0.23778691521363982
cool,2020-08-01,33.65714285714286,0.2326061956545929
cool,2020-08-02,32.82857142857143,0.2501620123299403
cool,2020-08-03,31.642857142857142,0.23242549051998876
cool,2020-08-04,37.15714285714286,0.37616565531703716
cool,2020-08-05,33.02857142857143,0.21784164430337263
cool,2020-08-06,30.585714285714285,0.31853506217421923
cool,2020-08-07,23.214285714285715,0.2767501332511003
cool,2020-08-08,28.714285714285715,0.2339698629283342
cool,2020-08-09,26.785714285714285,0.42371194545951857
cool,2020-08-10,22.62857142857143,0.4543639275200581
cool,2020-08-11,22.4,0.2432275968420241
cool,2020-08-12,24.357142857142858,0.5697454202866181
cool,2020-08-13,28.314285714285713,0.5096075744648826
cool,2020-08-14,32.05714285714286,0.3316443806218933
cool,2020-08-15,31.47142857142857,0.3878094357585763
cool,2020-08-16,35.84285714285714,0.4077873418909452
cool,2020-08-17,34.628571428571426,0.24965762870905636
cool,2020-08-18,34.08571428571429,0.2851254436339257
cool,2020-08-19,27.526315789473685,0.3602528788328339
cool,2020-08-20,23.72222222222222,0.19359223678810267
cool,2020-08-21,22.98611111111111,0.2924215476876289
cool,2020-08-22,31.930555555555557,0.39798738602577105
cool,2020-08-23,22.583333333333332,0.3114864515894865
cool,2020-08-24,21.61111111111111,0.535305546598104
cool,2020-08-25,17.59722222222222,0.28439537957287314
cool,2020-08-26,22.48611111111111,0.317158835020236
cool,2020-08-27,26.15277777777778,0.44132711316130063
cool,2020-08-28,26.930555555555557,0.3586531118974452
cool,2020-08-29,26.555555555555557,0.29464653142917724
cool,2020-08-30,29.680555555555557,0.3067706719194516
cool,2020-08-31,26.52777777777778,0.38418355217743044
cool,2020-09-01,33.27777777777778,0.4848680250992721
cool,2020-09-02,30.01388888888889,0.3926336144585966
cool,2020-09-03,29,0.43915503282683993
cool,2020-09-04,27.430555555555557,0.4547600002730281
cool,2020-09-05,26.180555555555557,0.3868640597231376
cool,2020-09-06,23.63888888888889,0.39521498625628054
cool,2020-09-07,21.069444444444443,0.48269776676384235
cool,2020-09-08,14.902777777777779,0.3720489409500867
cool,2020-09-09,16.5,0.17366269075057592
cool,2020-09-10,20.72222222222222,0.24270666569584
cool,2020-09-11,19.958333333333332,0.2121086499063142
cool,2020-09-12,14.98611111111111,0.0645070166944796
cool,2020-09-13,14.722222222222221,0.0900714981530864
cool,2020-09-14,18.69736842105263,0.28880207878880465
cool,2020-09-15,24.083333333333332,0.3114864515894865
cool,2020-09-16,22.819444444444443,0.19122908411177753
cool,2020-09-17,22.25,0.3488703574621803
cool,2020-09-18,17.425,0.2816189101007171
cool,2020-09-19,18.775,0.317214438511238
cool,2020-09-20,20.225,0.484598314396356
cool,2020-09-21,13.15,0.4384482205520546
cool,2020-09-22,12.05,0.11413288653790231
cool,2020-09-23,12.775,0.1116561922293515
cool,2020-09-24,12.3,0.1327839559109775
cool,2020-09-25,12.25,0.12824729401064425
cool,2020-09-26,12,0.12565617248750863
cool,2020-09-27,20.725,0.6139550386418244
cool,2020-09-28,23.225,0.588793369170329
cool,2020-09-29,23.9,0.550836684173793
cool,2020-09-30,23.975,0.5386080989091478
cool,2020-10-01,22.425,0.4563513766248201
cool,2020-10-02,20.3,0.3688531300923815
cool,2020-10-03,15.475,0.25514443793766367
cool,2020-10-04,13.3,0.3149770250602248
cool,2020-10-05,12.9,0.2800375914615374
cool,2020-10-06,11.25,0.2628287415189234
cool,2020-10-07,12.075,0.1270878270703913
cool,2020-10-08,12.275,0.10559979066964897
cool,2020-10-09,12.075,0.0833114006225091
cool,2020-10-10,11.975,0.0991742220326909
cool,2020-10-11,11.475,0.0991742220326909
cool,2020-10-12,17.3,0.43739660432344946
cool,2020-10-13,13.025,0.2844084349922429
cool,2020-10-14,16.6,0.37098730294629817
cool,2020-10-15,17.1,0.20065681621798157
cool,2020-10-16,12.975,0.2889978145974555
cool,2020-10-17,13.275,0.12287670328636878
cool,2020-10-18,11.65,0.24628823507598185
cool,2020-10-19,10.675,0.15076559009898358
cool,2020-10-20,8.95,0.2536574565494929
cool,2020-10-21,8.875,0.26125960067979975
cool,2020-10-22,7.475,0.39648952996065484
cool,2020-10-23,9.675,0.3369269013333682
cool,2020-10-24,10,0.26157418189029846
cool,2020-10-25,10.125,0.09511073878158526
cool,2020-10-26,8.725,0.2677267853221776
cool,2020-10-27,10.15,0.12617865362880895
cool,2020-10-28,11.675,0.2672348661462619
cool,2020-10-29,11.575,0.23584952830141506
cool,2020-10-30,11.6,0.2752988806446741
cool,2020-10-31,12.25,0.25
cool,2020-11-01,8.7,0.4925764701519637
cool,2020-11-02,9.5,0.1777046633277277
cool,2020-11-03,10.825,0.10434633627845705
cool,2020-11-04,11.175,0.10434633627845705
cool,2020-11-05,10.875,0.13990128098431634
cool,2020-11-06,8.7,0.30435436410107286
cool,2020-11-07,9.75,0.09933992677987828
cool,2020-11-08,8.65,0.38916239337974656
cool,2020-11-09,9.675,0.0833114006225091
cool,2020-11-10,9.575,0.09086571931905024
cool,2020-11-11,8.65,0.22682012349227887
cool,2020-11-12,9.6,0.08583950752789521
cool,2020-11-13,9.675,0.075
cool,2020-11-14,9.575,0.0833114006225091
cool,2020-11-15,9.475,0.0991742220326909
cool,2020-11-16,8.975,0.15591411265923233
cool,2020-11-17,9.1,0.1287592612918428
cool,2020-11-18,9.25,0.15601956692401722
cool,2020-11-19,8.6,0.1835325870964494
cool,2020-11-20,8.375,0.1734897236453108
cool,2020-11-21,7.7,0.29334728834428886
cool,2020-11-22,7.825,0.36684106697731184
cool,2020-11-23,8.975,0.1600781059358212
cool,2020-11-24,9.475,0.0991742220326909
cool,2020-11-25,9.375,0.1080630907338272
cool,2020-11-26,9.025,0.11740057383523346
cool,2020-11-27,9.325,0.1104714776239598
cool,2020-11-28,7.65,0.37714299954428837
cool,2020-11-29,7.85,0.2118216727642183
cool,2020-11-30,7.975,0.27499999999999997
cool,2020-12-01,5.75,0.16018081887929686
cool,2020-12-02,5.65,0.2118216727642183
cool,2020-12-03,7.925,0.20924362531948756
cool,2020-12-04,7.825,0.21544018586190117
cool,2020-12-05,7.725,0.22790522037391817
cool,2020-12-06,8.875,0.11398868826612392
cool,2020-12-07,9.175,0.09086571931905024
cool,2020-12-08,9.35,0.09665456669582609
cool,2020-12-09,8.575,0.13705070133655683
cool,2020-12-10,8.05,0.19159991209755153
cool,2020-12-11,7.75,0.3213867976196448
cool,2020-12-12,5.275,0.1116561922293515
cool,2020-12-13,7.75,0.18673087868007146
cool,2020-12-14,8.25,0.14734492293862547
cool,2020-12-15,8.675,0.1417698282799493
cool,2020-12-16,8.925,0.0978384812895858
cool,2020-12-17,8.425,0.1673123457866501
cool,2020-12-18,8.925,0.10434633627845705
cool,2020-12-19,8.975,0.09230242056471359
cool,2020-12-20,8.7,0.10513149660756936
cool,2020-12-21,8.475,0.12287670328636878
cool,2020-12-22,7,0.3402785236893603
cool,2020-12-23,4.9,0.3375609106828761
cool,2020-12-24,6.05,0.34773704523904114
cool,2020-12-25,7.5,0.19534045852521723
cool,2020-12-26,8.375,0.10179313388074442
cool,2020-12-27,8.175,0.11627440321113354
cool,2020-12-28,7.35,0.2692582403567252
cool,2020-12-29,7.625,0.2172646942520138
cool,2020-12-30,8.525,0.09230242056471359
cool,2020-12-31,8.475,0.09230242056471359
cool,2021-01-01,8.55,0.09528351047490353
cool,2021-01-02,8.55,0.0881087844357011
cool,2021-01-03,8.25,0.14281014264436984
cool,2021-01-04,8.575,0.09086571931905024
cool,2021-01-05,8.55,0.0881087844357011
cool,2021-01-06,8.6,0.09318911162960933
cool,2021-01-07,8.3,0.1327839559109775
cool,2021-01-08,6.775,0.34503050971121224
cool,2021-01-09,7.15,0.18531623043640266
cool,2021-01-10,8.225,0.12287670328636878
cool,2021-01-11,8.575,0.0978384812895858
cool,2021-01-12,9.925,0.09086571931905024
cool,2021-01-13,8.575,0.3105068013493594
cool,2021-01-14,7.6,0.1762175688714022
cool,2021-01-15,8,0.14509525002200233
cool,2021-01-16,7.575,0.1270878270703913
cool,2021-01-17,7.4,0.25287816912705735
cool,2021-01-18,6.625,0.17724128662422456
cool,2021-01-19,7.9,0.15217718205053643
cool,2021-01-20,7.875,0.10179313388074442
cool,2021-01-21,7.575,0.20924362531948756
cool,2021-01-22,4.6,0.2680337763476049
cool,2021-01-23,6.05,0.2536574565494929
cool,2021-01-24,7.75,0.13812656286327063
cool,2021-01-25,7.225,0.20671299707056337
cool,2021-01-26,7.675,0.1104714776239598
cool,2021-01-27,7.425,0.2302029996603684
cool,2021-01-28,6.775,0.2820857465754919
cool,2021-01-29,7.8,0.16383560438182507
cool,2021-01-30,8.25,0.09248043889897672
cool,2021-01-31,8.325,0.1104714776239598
cool,2021-02-01,8.225,0.11740057383523346
cool,2021-02-02,8.425,0.10434633627845705
cool,2021-02-03,8.6,0.16463676125912685
cool,2021-02-04,8.125,0.1080630907338272
cool,2021-02-05,8.925,0.1104714776239598
cool,2021-02-06,7.875,0.2172646942520138
cool,2021-02-07,6.775,0.2820857465754919
cool,2021-02-08,6.1,0.4097496026137246
cool,2021-02-09,5.35,0.5690481433707382
cool,2021-02-10,5.65,0.5454356057317857
cool,2021-02-11,6.8,0.2724160904127902
cool,2021-02-12,5.65,0.4618327334481722
cool,2021-02-13,7.325,0.1104714776239598
cool,2021-02-14,6.625,0.2853322163447558
cool,2021-02-15,7.7,0.0917662935482247
cool,2021-02-16,9.875,0.24834981694969568
cool,2021-02-17,9.55,0.30109449469700056
cool,2021-02-18,7.375,0.09511073878158526
cool,2021-02-19,8.625,0.13990128098431634
cool,2021-02-20,7.675,0.16333288578528013
cool,2021-02-21,9.375,0.13511690844364527
cool,2021-02-22,7.65,0.20551603855967823
cool,2021-02-23,6.125,0.24568647114821596
cool,2021-02-24,6.525,0.21605006729678972
cool,2021-02-25,7.15,0.18173143863810048
